feature_id,section_id,coord_lon,coord_lat,now_distance_m,predicted_future_delta_distance_m,image_path
20,6,-81.85467,32.29055,14.273746,6.0807548,ViT/images/tile_20_6_now_2023.png
20,7,-81.85506,32.289585,7.8749723,5.9285307,ViT/images/tile_20_7_now_2023.png
20,8,-81.85543,32.288616,8.498475,3.3731709,ViT/images/tile_20_8_now_2023.png
20,12,-81.856735,32.284702,0.37896922,1.4227189,ViT/images/tile_20_12_now_2023.png
20,15,-81.85743,32.281704,7.993305,2.9507093,ViT/images/tile_20_15_now_2023.png
20,17,-81.85788,32.2797,2.6792092,3.4874294,ViT/images/tile_20_17_now_2023.png
20,22,-81.85896,32.274693,27.029116,5.678106,ViT/images/tile_20_22_now_2023.png
20,23,-81.85918,32.27369,25.178528,6.040418,ViT/images/tile_20_23_now_2023.png
20,24,-81.85939,32.272686,4.029812,0.94089687,ViT/images/tile_20_24_now_2023.png
20,25,-81.859604,32.271683,2.930406,0.942673,ViT/images/tile_20_25_now_2023.png
20,27,-81.86004,32.26968,11.764996,6.1916356,ViT/images/tile_20_27_now_2023.png
20,28,-81.86025,32.268677,13.397682,4.866433,ViT/images/tile_20_28_now_2023.png
20,29,-81.860466,32.267673,21.986025,6.327419,ViT/images/tile_20_29_now_2023.png
20,30,-81.86067,32.26667,11.640306,5.8932786,ViT/images/tile_20_30_now_2023.png
20,32,-81.86113,32.26467,7.1689076,2.604309,ViT/images/tile_20_32_now_2023.png
20,34,-81.861595,32.262672,10.022158,5.412207,ViT/images/tile_20_34_now_2023.png
20,35,-81.861855,32.261677,8.075375,2.906721,ViT/images/tile_20_35_now_2023.png
20,38,-81.86265,32.258694,0.09811641,2.8833795,ViT/images/tile_20_38_now_2023.png
20,39,-81.862885,32.257698,1.0051105,2.1162372,ViT/images/tile_20_39_now_2023.png
20,40,-81.86313,32.2567,0.26547304,3.7719476,ViT/images/tile_20_40_now_2023.png
20,42,-81.86374,32.25473,2.6582103,2.7707677,ViT/images/tile_20_42_now_2023.png
20,43,-81.86409,32.253754,1.3651438,3.2660217,ViT/images/tile_20_43_now_2023.png
20,46,-81.865135,32.25083,5.2258635,1.6743722,ViT/images/tile_20_46_now_2023.png
20,51,-81.86686,32.24595,1.4390765,2.0150928,ViT/images/tile_20_51_now_2023.png
20,52,-81.86721,32.244972,0.548083,1.9612097,ViT/images/tile_20_52_now_2023.png
20,55,-81.86828,32.242054,0.45192292,4.48239,ViT/images/tile_20_55_now_2023.png
20,56,-81.8686,32.24107,1.488634,3.078072,ViT/images/tile_20_56_now_2023.png
20,60,-81.8699,32.23715,14.889297,5.7540393,ViT/images/tile_20_60_now_2023.png
20,61,-81.87025,32.23617,11.333924,3.7711048,ViT/images/tile_20_61_now_2023.png
20,62,-81.8706,32.235195,13.003932,1.7544401,ViT/images/tile_20_62_now_2023.png
20,66,-81.87192,32.231277,13.765848,5.6582713,ViT/images/tile_20_66_now_2023.png
20,67,-81.872246,32.230297,17.603643,4.226234,ViT/images/tile_20_67_now_2023.png
20,68,-81.87255,32.22931,12.978359,3.5411015,ViT/images/tile_20_68_now_2023.png
20,69,-81.872856,32.22832,12.905909,3.324194,ViT/images/tile_20_69_now_2023.png
20,71,-81.87359,32.226383,11.5829525,4.670516,ViT/images/tile_20_71_now_2023.png
20,72,-81.87395,32.225407,27.554766,6.29808,ViT/images/tile_20_72_now_2023.png
20,75,-81.87508,32.22251,11.336318,4.1218114,ViT/images/tile_20_75_now_2023.png
20,76,-81.87575,32.22167,8.025583,2.937828,ViT/images/tile_20_76_now_2023.png
20,80,-81.87871,32.218456,22.014826,5.566567,ViT/images/tile_20_80_now_2023.png
20,81,-81.879166,32.217514,7.3064284,4.5205197,ViT/images/tile_20_81_now_2023.png
20,82,-81.87963,32.21657,3.6323745,0.4036757,ViT/images/tile_20_82_now_2023.png
20,85,-81.88095,32.21373,2.2071936,2.0087063,ViT/images/tile_20_85_now_2023.png
20,88,-81.88225,32.210876,0.20831268,2.028417,ViT/images/tile_20_88_now_2023.png
20,89,-81.88268,32.209927,11.60293,5.7551465,ViT/images/tile_20_89_now_2023.png
20,93,-81.88442,32.206123,12.25897,5.0958476,ViT/images/tile_20_93_now_2023.png
20,97,-81.886246,32.202347,0.901685,3.6369195,ViT/images/tile_20_97_now_2023.png
20,99,-81.88715,32.20046,2.939844,1.1057558,ViT/images/tile_20_99_now_2023.png
20,101,-81.88807,32.198574,1.4873587,1.7863843,ViT/images/tile_20_101_now_2023.png
20,103,-81.888954,32.19668,2.5072923,0.30482903,ViT/images/tile_20_103_now_2023.png
20,104,-81.8894,32.19573,2.3704593,1.0330418,ViT/images/tile_20_104_now_2023.png
20,106,-81.8903,32.193836,4.7197127,0.54706943,ViT/images/tile_20_106_now_2023.png
20,107,-81.89074,32.19289,3.6052966,1.8674126,ViT/images/tile_20_107_now_2023.png
20,108,-81.89118,32.19194,5.282081,1.7602394,ViT/images/tile_20_108_now_2023.png
20,109,-81.891624,32.190994,4.3707023,2.750658,ViT/images/tile_20_109_now_2023.png
20,111,-81.892494,32.18909,0.23304622,3.9443278,ViT/images/tile_20_111_now_2023.png
20,112,-81.89283,32.188114,0.2706616,3.3853447,ViT/images/tile_20_112_now_2023.png
20,113,-81.89317,32.187138,0.4243953,2.8065886,ViT/images/tile_20_113_now_2023.png
20,114,-81.89351,32.186157,2.4597573,1.3502735,ViT/images/tile_20_114_now_2023.png
20,120,-81.89563,32.18031,15.678093,4.395744,ViT/images/tile_20_120_now_2023.png
20,121,-81.895996,32.179337,16.371801,6.017169,ViT/images/tile_20_121_now_2023.png
20,123,-81.89741,32.177685,9.643718,5.535337,ViT/images/tile_20_123_now_2023.png
20,127,-81.9001,32.174423,1.725754,4.9462533,ViT/images/tile_20_127_now_2023.png
22,15,-81.73757,34.887222,3.9039395,2.896492,ViT/images/tile_22_15_now_2023.png
22,27,-81.72383,34.88512,4.5478616,3.815557,ViT/images/tile_22_27_now_2023.png
22,28,-81.72287,34.884533,7.3954077,2.8706698,ViT/images/tile_22_28_now_2023.png
22,29,-81.721924,34.88392,4.142815,4.72953,ViT/images/tile_22_29_now_2023.png
22,30,-81.72098,34.883305,5.510354,5.38037,ViT/images/tile_22_30_now_2023.png
22,32,-81.71867,34.88285,11.050962,3.207417,ViT/images/tile_22_32_now_2023.png
22,37,-81.71379,34.880524,9.481635,3.0447545,ViT/images/tile_22_37_now_2023.png
22,41,-81.711365,34.877106,3.3138132,3.8873646,ViT/images/tile_22_41_now_2023.png
22,47,-81.7078,34.87195,0.82589024,1.8934758,ViT/images/tile_22_47_now_2023.png
22,55,-81.70422,34.86461,2.9880936,4.32454,ViT/images/tile_22_55_now_2023.png
22,57,-81.70334,34.86277,5.7968516,2.7139087,ViT/images/tile_22_57_now_2023.png
22,58,-81.702896,34.86185,5.8756123,3.4204988,ViT/images/tile_22_58_now_2023.png
22,96,-81.68169,34.82934,5.929072,3.0299592,ViT/images/tile_22_96_now_2023.png
22,98,-81.680336,34.8277,0.65395653,5.5348134,ViT/images/tile_22_98_now_2023.png
22,104,-81.676285,34.82279,3.837992,4.256468,ViT/images/tile_22_104_now_2023.png
22,110,-81.67215,34.81792,4.0021853,5.784577,ViT/images/tile_22_110_now_2023.png
22,111,-81.67146,34.81711,0.20213391,5.927963,ViT/images/tile_22_111_now_2023.png
22,112,-81.67078,34.816296,0.7887525,6.0161214,ViT/images/tile_22_112_now_2023.png
22,114,-81.6694,34.814667,1.6694218,6.1494937,ViT/images/tile_22_114_now_2023.png
22,117,-81.66735,34.812225,6.74388,5.2062955,ViT/images/tile_22_117_now_2023.png
22,120,-81.66525,34.80981,6.1408567,4.9946218,ViT/images/tile_22_120_now_2023.png
22,121,-81.66454,34.809013,1.431323,5.635444,ViT/images/tile_22_121_now_2023.png
22,124,-81.66245,34.80659,10.084716,5.7582116,ViT/images/tile_22_124_now_2023.png
22,127,-81.660355,34.804173,3.8357272,5.924783,ViT/images/tile_22_127_now_2023.png
22,128,-81.65965,34.803368,2.1951818,5.916839,ViT/images/tile_22_128_now_2023.png
22,134,-81.65545,34.79854,2.1288397,5.552589,ViT/images/tile_22_134_now_2023.png
22,136,-81.654045,34.796932,6.271749,3.129631,ViT/images/tile_22_136_now_2023.png
22,140,-81.65129,34.793686,4.631708,5.693464,ViT/images/tile_22_140_now_2023.png
22,142,-81.64975,34.792183,6.0735025,5.8525305,ViT/images/tile_22_142_now_2023.png
22,143,-81.64909,34.791355,5.313945,5.4072313,ViT/images/tile_22_143_now_2023.png
22,144,-81.648415,34.79062,4.750771,5.6345096,ViT/images/tile_22_144_now_2023.png
25,1,-79.87955,34.98317,18.059013,5.0316277,ViT/images/tile_25_1_now_2022.png
25,2,-79.880615,34.98271,4.568092,3.2708116,ViT/images/tile_25_2_now_2022.png
25,4,-79.88287,34.98229,7.72565,5.434523,ViT/images/tile_25_4_now_2022.png
25,5,-79.88408,34.98236,5.7374334,4.508491,ViT/images/tile_25_5_now_2022.png
25,6,-79.88528,34.982433,6.7054567,4.726276,ViT/images/tile_25_6_now_2022.png
25,13,-79.893684,34.982944,10.961033,5.720589,ViT/images/tile_25_13_now_2022.png
25,20,-79.90211,34.983177,8.484444,2.0403955,ViT/images/tile_25_20_now_2022.png
25,21,-79.90331,34.983177,7.2268205,1.067199,ViT/images/tile_25_21_now_2022.png
25,24,-79.90693,34.98317,5.789821,3.997443,ViT/images/tile_25_24_now_2022.png
25,25,-79.908134,34.98317,6.6420784,1.9689521,ViT/images/tile_25_25_now_2022.png
25,30,-79.914154,34.983173,0.6073602,3.9762673,ViT/images/tile_25_30_now_2022.png
25,31,-79.91536,34.983177,0.35100204,1.8891662,ViT/images/tile_25_31_now_2022.png
25,32,-79.916565,34.98318,10.961172,5.267939,ViT/images/tile_25_32_now_2022.png
25,34,-79.918976,34.983192,11.088117,4.3293805,ViT/images/tile_25_34_now_2022.png
25,38,-79.92379,34.98321,5.516877,5.6838603,ViT/images/tile_25_38_now_2022.png
25,39,-79.924995,34.98321,11.372881,4.5266004,ViT/images/tile_25_39_now_2022.png
25,41,-79.92741,34.983208,10.96286,3.1162877,ViT/images/tile_25_41_now_2022.png
25,44,-79.93102,34.9832,3.1718197,3.4434276,ViT/images/tile_25_44_now_2022.png
25,46,-79.93343,34.98319,7.455876,3.5224094,ViT/images/tile_25_46_now_2022.png
25,49,-79.93704,34.98318,10.412761,5.0718236,ViT/images/tile_25_49_now_2022.png
25,51,-79.93945,34.983185,5.9390707,3.15841,ViT/images/tile_25_51_now_2022.png
25,52,-79.94066,34.983185,5.109879,4.905462,ViT/images/tile_25_52_now_2022.png
25,54,-79.94307,34.983185,11.133209,4.2491803,ViT/images/tile_25_54_now_2022.png
25,57,-79.946686,34.98319,10.674476,5.8584,ViT/images/tile_25_57_now_2022.png
25,58,-79.94789,34.98319,12.086206,3.0975864,ViT/images/tile_25_58_now_2022.png
25,59,-79.9491,34.98319,10.333656,3.4834924,ViT/images/tile_25_59_now_2022.png
25,60,-79.950294,34.983185,12.348639,3.7319667,ViT/images/tile_25_60_now_2022.png
25,63,-79.95391,34.983173,15.969128,5.500831,ViT/images/tile_25_63_now_2022.png
25,65,-79.95632,34.983166,14.0036125,4.988379,ViT/images/tile_25_65_now_2022.png
25,68,-79.95994,34.983166,13.266344,4.4873557,ViT/images/tile_25_68_now_2022.png
25,69,-79.96114,34.98317,6.819372,5.4852743,ViT/images/tile_25_69_now_2022.png
25,72,-79.96475,34.98319,1.291647,1.7517666,ViT/images/tile_25_72_now_2022.png
25,74,-79.96716,34.9832,3.750689,2.0126972,ViT/images/tile_25_74_now_2022.png
25,75,-79.96837,34.983204,12.056965,4.7962594,ViT/images/tile_25_75_now_2022.png
25,77,-79.97078,34.9832,8.2001295,5.5134063,ViT/images/tile_25_77_now_2022.png
25,79,-79.97319,34.983196,3.9477742,4.221536,ViT/images/tile_25_79_now_2022.png
25,83,-79.978004,34.983196,1.1028249,4.0859127,ViT/images/tile_25_83_now_2022.png
25,84,-79.97921,34.983196,10.583694,5.3303895,ViT/images/tile_25_84_now_2022.png
25,86,-79.98162,34.983196,0.5345181,4.4840913,ViT/images/tile_25_86_now_2022.png
25,87,-79.98283,34.983196,9.380135,5.372706,ViT/images/tile_25_87_now_2022.png
25,88,-79.98403,34.983196,3.5587552,5.171234,ViT/images/tile_25_88_now_2022.png
25,89,-79.98524,34.983196,4.1826673,4.82783,ViT/images/tile_25_89_now_2022.png
25,90,-79.98644,34.9832,2.1195996,5.7593274,ViT/images/tile_25_90_now_2022.png
25,91,-79.98765,34.9832,6.6447215,3.587545,ViT/images/tile_25_91_now_2022.png
25,94,-79.99126,34.9832,2.3143737,4.938127,ViT/images/tile_25_94_now_2022.png
25,95,-79.99246,34.9832,10.617649,5.9391065,ViT/images/tile_25_95_now_2022.png
25,96,-79.99367,34.9832,11.802926,5.686877,ViT/images/tile_25_96_now_2022.png
25,97,-79.99487,34.9832,12.8149,1.7131212,ViT/images/tile_25_97_now_2022.png
25,99,-79.997284,34.983204,11.304801,5.3050437,ViT/images/tile_25_99_now_2022.png
25,100,-79.99849,34.983204,10.445837,3.8401027,ViT/images/tile_25_100_now_2022.png
25,104,-80.0033,34.983204,9.5360775,4.470195,ViT/images/tile_25_104_now_2022.png
25,106,-80.005714,34.983215,10.3683405,4.638598,ViT/images/tile_25_106_now_2022.png
25,107,-80.00692,34.98322,7.7061396,4.339699,ViT/images/tile_25_107_now_2022.png
25,108,-80.008125,34.983223,8.044861,3.944447,ViT/images/tile_25_108_now_2022.png
25,109,-80.00933,34.983227,5.1963177,2.762993,ViT/images/tile_25_109_now_2022.png
25,114,-80.01535,34.983215,10.8663435,1.8527566,ViT/images/tile_25_114_now_2022.png
25,115,-80.016556,34.983177,13.281199,2.5677552,ViT/images/tile_25_115_now_2022.png
25,117,-80.01897,34.983097,4.495589,4.381843,ViT/images/tile_25_117_now_2022.png
25,118,-80.02017,34.983063,3.779631,5.1154714,ViT/images/tile_25_118_now_2022.png
25,121,-80.02378,34.98295,5.3241434,2.6760678,ViT/images/tile_25_121_now_2022.png
25,122,-80.02499,34.98291,7.4832115,4.2893205,ViT/images/tile_25_122_now_2022.png
25,123,-80.026184,34.982872,5.428313,2.4470925,ViT/images/tile_25_123_now_2022.png
25,128,-80.0322,34.982677,9.268403,4.8234763,ViT/images/tile_25_128_now_2022.png
25,130,-80.034615,34.9826,10.845177,2.604958,ViT/images/tile_25_130_now_2022.png
25,132,-80.037025,34.982533,9.29607,5.6133866,ViT/images/tile_25_132_now_2022.png
25,133,-80.03822,34.982536,7.551862,3.3128679,ViT/images/tile_25_133_now_2022.png
25,135,-80.0397,34.98336,14.514894,4.8349304,ViT/images/tile_25_135_now_2022.png
25,137,-80.039635,34.985332,9.145823,5.6231637,ViT/images/tile_25_137_now_2022.png
25,144,-80.03937,34.992237,3.7816303,3.6863391,ViT/images/tile_25_144_now_2022.png
25,152,-80.03895,35.000126,9.509625,4.81102,ViT/images/tile_25_152_now_2022.png
25,153,-80.03888,35.00111,8.051386,4.0906043,ViT/images/tile_25_153_now_2022.png
25,157,-80.03847,35.00502,3.804106,1.1735657,ViT/images/tile_25_157_now_2022.png
25,158,-80.0381,35.00596,4.676678,6.0497985,ViT/images/tile_25_158_now_2022.png
25,159,-80.03773,35.006897,5.442865,4.8977284,ViT/images/tile_25_159_now_2022.png
25,162,-80.03658,35.009705,4.3053727,5.9959974,ViT/images/tile_25_162_now_2022.png
25,166,-80.03504,35.013447,6.780239,2.0779266,ViT/images/tile_25_166_now_2022.png
25,178,-80.03046,35.024673,8.342042,1.3458298,ViT/images/tile_25_178_now_2022.png
25,181,-80.029335,35.02749,5.967098,4.076556,ViT/images/tile_25_181_now_2022.png
25,182,-80.02897,35.028427,3.2692971,3.4592624,ViT/images/tile_25_182_now_2022.png
25,183,-80.02859,35.02936,9.377121,3.843188,ViT/images/tile_25_183_now_2022.png
25,185,-80.02782,35.03123,6.237997,4.786621,ViT/images/tile_25_185_now_2022.png
25,186,-80.02743,35.032166,5.306346,1.442042,ViT/images/tile_25_186_now_2022.png
25,187,-80.02705,35.0331,3.7425916,1.5372901,ViT/images/tile_25_187_now_2022.png
25,188,-80.02666,35.034035,9.490148,5.176409,ViT/images/tile_25_188_now_2022.png
25,190,-80.02589,35.035904,7.9217296,4.145155,ViT/images/tile_25_190_now_2022.png
25,195,-80.02396,35.040577,5.3051114,0.6469471,ViT/images/tile_25_195_now_2022.png
25,196,-80.023575,35.04151,1.988539,2.4789069,ViT/images/tile_25_196_now_2022.png
25,197,-80.023186,35.042446,4.945828,1.7469846,ViT/images/tile_25_197_now_2022.png
25,198,-80.022804,35.04338,4.5166492,5.8779187,ViT/images/tile_25_198_now_2022.png
25,199,-80.022415,35.04431,4.8496866,1.7431195,ViT/images/tile_25_199_now_2022.png
25,201,-80.02164,35.04618,0.73235136,5.3840055,ViT/images/tile_25_201_now_2022.png
25,202,-80.02125,35.047115,2.2972791,2.0524375,ViT/images/tile_25_202_now_2022.png
25,204,-80.02047,35.04898,0.9587077,3.1927662,ViT/images/tile_25_204_now_2022.png
25,205,-80.02008,35.049915,1.408341,2.057086,ViT/images/tile_25_205_now_2022.png
25,206,-80.0197,35.05085,1.467453,2.9589176,ViT/images/tile_25_206_now_2022.png
25,207,-80.01931,35.05178,10.3611555,4.9008455,ViT/images/tile_25_207_now_2022.png
25,208,-80.01892,35.052715,0.49709502,5.172932,ViT/images/tile_25_208_now_2022.png
25,209,-80.01853,35.05365,1.9450549,5.790049,ViT/images/tile_25_209_now_2022.png
25,213,-80.016975,35.057384,2.0039315,6.000234,ViT/images/tile_25_213_now_2022.png
25,214,-80.01659,35.05832,2.4615877,4.5640473,ViT/images/tile_25_214_now_2022.png
25,215,-80.016205,35.05925,9.254756,3.5200822,ViT/images/tile_25_215_now_2022.png
25,218,-80.01504,35.062054,6.5734186,2.4973104,ViT/images/tile_25_218_now_2022.png
25,219,-80.014656,35.06299,5.364742,1.3050728,ViT/images/tile_25_219_now_2022.png
25,220,-80.014275,35.063923,10.155881,3.8491983,ViT/images/tile_25_220_now_2022.png
25,222,-80.01351,35.065792,9.857793,5.713112,ViT/images/tile_25_222_now_2022.png
25,223,-80.01313,35.066727,4.2877374,5.7666445,ViT/images/tile_25_223_now_2022.png
25,229,-80.01089,35.072353,1.3691342,6.1504297,ViT/images/tile_25_229_now_2022.png
25,230,-80.01058,35.073307,2.4647732,6.042564,ViT/images/tile_25_230_now_2022.png
25,231,-80.01033,35.07427,2.881121,5.6791205,ViT/images/tile_25_231_now_2022.png
25,232,-80.01008,35.075233,5.270633,6.0710244,ViT/images/tile_25_232_now_2022.png
25,233,-80.00983,35.0762,5.165726,5.9008274,ViT/images/tile_25_233_now_2022.png
25,234,-80.009575,35.07716,6.9906144,5.788112,ViT/images/tile_25_234_now_2022.png
25,235,-80.009315,35.078125,7.1491823,6.0154233,ViT/images/tile_25_235_now_2022.png
25,236,-80.00906,35.07909,5.684832,5.7607975,ViT/images/tile_25_236_now_2022.png
25,237,-80.00881,35.080055,5.4783645,5.5854907,ViT/images/tile_25_237_now_2022.png
25,238,-80.00856,35.081017,6.5298386,5.962106,ViT/images/tile_25_238_now_2022.png
25,239,-80.00831,35.08198,4.403589,5.334806,ViT/images/tile_25_239_now_2022.png
25,242,-80.007545,35.084873,2.880974,5.9013686,ViT/images/tile_25_242_now_2022.png
25,243,-80.00729,35.08584,3.55992,5.9413133,ViT/images/tile_25_243_now_2022.png
25,244,-80.00705,35.086803,2.5713255,5.4796286,ViT/images/tile_25_244_now_2022.png
25,245,-80.006805,35.08777,4.3472953,6.033959,ViT/images/tile_25_245_now_2022.png
25,246,-80.00655,35.08873,6.387284,5.942434,ViT/images/tile_25_246_now_2022.png
25,247,-80.00631,35.089695,0.8623311,5.8293347,ViT/images/tile_25_247_now_2022.png
25,248,-80.006065,35.09066,6.065204,5.792847,ViT/images/tile_25_248_now_2022.png
25,249,-80.006294,35.09163,13.040263,5.490772,ViT/images/tile_25_249_now_2022.png
25,250,-80.00652,35.092598,14.157801,5.979842,ViT/images/tile_25_250_now_2022.png
25,251,-80.00675,35.093563,12.434242,3.9720488,ViT/images/tile_25_251_now_2022.png
25,252,-80.00699,35.094532,9.197751,3.676551,ViT/images/tile_25_252_now_2022.png
25,253,-80.00722,35.095497,6.783137,3.489952,ViT/images/tile_25_253_now_2022.png
25,254,-80.00745,35.096466,5.781782,6.083608,ViT/images/tile_25_254_now_2022.png
25,257,-80.00815,35.099365,6.7699776,4.7268615,ViT/images/tile_25_257_now_2022.png
25,258,-80.008385,35.100334,6.826942,4.25143,ViT/images/tile_25_258_now_2022.png
25,260,-80.00886,35.10227,7.5399632,5.4870524,ViT/images/tile_25_260_now_2022.png
25,263,-80.009575,35.105164,4.7049456,3.0490334,ViT/images/tile_25_263_now_2022.png
25,267,-80.01055,35.109024,1.6135489,1.8192072,ViT/images/tile_25_267_now_2022.png
25,269,-80.011,35.110962,29.107403,6.2946725,ViT/images/tile_25_269_now_2022.png
25,275,-80.0124,35.116764,2.7979412,2.7437751,ViT/images/tile_25_275_now_2022.png
25,277,-80.01289,35.11869,34.51096,5.5947404,ViT/images/tile_25_277_now_2022.png
25,278,-80.01312,35.11966,7.874767,4.105386,ViT/images/tile_25_278_now_2022.png
25,279,-80.01335,35.12063,6.810512,6.079263,ViT/images/tile_25_279_now_2022.png
25,280,-80.01358,35.121593,4.5143886,4.92084,ViT/images/tile_25_280_now_2022.png
25,281,-80.01381,35.122562,6.6197724,6.296549,ViT/images/tile_25_281_now_2022.png
25,282,-80.01404,35.123528,4.1545434,5.9008493,ViT/images/tile_25_282_now_2022.png
25,283,-80.01427,35.124496,2.534226,4.250447,ViT/images/tile_25_283_now_2022.png
25,284,-80.0145,35.12546,4.427261,5.997501,ViT/images/tile_25_284_now_2022.png
25,285,-80.01475,35.126427,4.603784,6.091217,ViT/images/tile_25_285_now_2022.png
25,286,-80.01499,35.12739,5.083925,5.977559,ViT/images/tile_25_286_now_2022.png
25,287,-80.01523,35.128357,5.517248,6.00622,ViT/images/tile_25_287_now_2022.png
25,288,-80.015465,35.129326,8.279979,4.377046,ViT/images/tile_25_288_now_2022.png
25,290,-80.01593,35.131256,6.5633664,5.4867244,ViT/images/tile_25_290_now_2022.png
25,291,-80.01616,35.132225,6.599007,3.4750826,ViT/images/tile_25_291_now_2022.png
25,293,-80.01664,35.134155,7.7752905,2.6953378,ViT/images/tile_25_293_now_2022.png
25,294,-80.016884,35.13512,4.825442,2.536262,ViT/images/tile_25_294_now_2022.png
25,295,-80.01741,35.136005,4.15125,2.5240512,ViT/images/tile_25_295_now_2022.png
25,296,-80.01796,35.136883,5.43314,4.4000916,ViT/images/tile_25_296_now_2022.png
25,297,-80.018524,35.137753,4.505604,1.7736838,ViT/images/tile_25_297_now_2022.png
25,298,-80.01909,35.138622,4.7331505,3.4887543,ViT/images/tile_25_298_now_2022.png
25,299,-80.019646,35.139496,6.8027225,2.3430908,ViT/images/tile_25_299_now_2022.png
25,300,-80.02021,35.140366,2.8399992,5.8330092,ViT/images/tile_25_300_now_2022.png
25,302,-80.02134,35.14211,5.266369,2.5376847,ViT/images/tile_25_302_now_2022.png
25,303,-80.02189,35.142982,0.27830413,4.7976923,ViT/images/tile_25_303_now_2022.png
25,304,-80.022446,35.14386,1.7021238,5.1695747,ViT/images/tile_25_304_now_2022.png
25,305,-80.022995,35.144733,1.3518691,2.0474975,ViT/images/tile_25_305_now_2022.png
25,306,-80.023544,35.14561,0.1440866,3.654606,ViT/images/tile_25_306_now_2022.png
25,307,-80.02409,35.14649,0.31398478,5.878441,ViT/images/tile_25_307_now_2022.png
25,308,-80.02464,35.147366,1.1467079,5.301858,ViT/images/tile_25_308_now_2022.png
25,309,-80.02519,35.14824,0.5877083,4.663521,ViT/images/tile_25_309_now_2022.png
25,310,-80.02574,35.149117,1.7093188,1.8149606,ViT/images/tile_25_310_now_2022.png
25,311,-80.02629,35.149994,3.3990722,0.6540424,ViT/images/tile_25_311_now_2022.png
25,312,-80.02684,35.15087,3.212129,4.8661675,ViT/images/tile_25_312_now_2022.png
25,313,-80.02739,35.151745,2.1029627,2.6734495,ViT/images/tile_25_313_now_2022.png
25,314,-80.02794,35.152622,3.3938534,4.456411,ViT/images/tile_25_314_now_2022.png
25,315,-80.02849,35.1535,5.946334,2.1826973,ViT/images/tile_25_315_now_2022.png
25,316,-80.029045,35.154377,8.393104,2.441453,ViT/images/tile_25_316_now_2022.png
25,317,-80.029594,35.15525,8.21423,2.9542701,ViT/images/tile_25_317_now_2022.png
25,320,-80.03124,35.157883,5.5487447,1.3944402,ViT/images/tile_25_320_now_2022.png
25,321,-80.03179,35.158756,4.4704065,1.5014468,ViT/images/tile_25_321_now_2022.png
25,323,-80.03291,35.160503,4.744398,5.606678,ViT/images/tile_25_323_now_2022.png
25,324,-80.03347,35.161373,1.1738048,4.2749686,ViT/images/tile_25_324_now_2022.png
25,326,-80.03459,35.163116,8.11712,3.7686334,ViT/images/tile_25_326_now_2022.png
25,328,-80.03571,35.16486,3.5443475,3.6820912,ViT/images/tile_25_328_now_2022.png
25,337,-80.04072,35.17272,3.622258,1.0181675,ViT/images/tile_25_337_now_2022.png
25,340,-80.04239,35.175346,3.2358077,5.0907373,ViT/images/tile_25_340_now_2022.png
25,342,-80.043495,35.177094,6.059874,1.1814834,ViT/images/tile_25_342_now_2022.png
25,345,-80.045166,35.179714,1.2761661,2.5641265,ViT/images/tile_25_345_now_2022.png
25,347,-80.04628,35.181458,7.9708214,3.9232364,ViT/images/tile_25_347_now_2022.png
25,348,-80.04684,35.18233,5.2855678,0.9683737,ViT/images/tile_25_348_now_2022.png
25,364,-80.05578,35.196285,0.0678552,4.673804,ViT/images/tile_25_364_now_2022.png
25,366,-80.0569,35.198032,4.7819123,4.829556,ViT/images/tile_25_366_now_2022.png
25,368,-80.058014,35.199776,4.8442416,1.86228,ViT/images/tile_25_368_now_2022.png
25,371,-80.05969,35.20239,1.7110461,3.1294572,ViT/images/tile_25_371_now_2022.png
25,372,-80.06026,35.203262,3.0033839,5.1955857,ViT/images/tile_25_372_now_2022.png
25,376,-80.06249,35.206753,6.0819445,5.3144608,ViT/images/tile_25_376_now_2022.png
39,6,-79.841606,34.51265,4.1173334,3.3647647,ViT/images/tile_39_6_now_2023.png
39,9,-79.84216,34.515594,2.4205253,4.533291,ViT/images/tile_39_9_now_2023.png
39,12,-79.842636,34.518543,0.90279126,5.403452,ViT/images/tile_39_12_now_2023.png
41,2,-80.446396,33.28886,9.973251,3.3648696,ViT/images/tile_41_2_now_2023.png
41,7,-80.44098,33.286907,11.529327,5.3830833,ViT/images/tile_41_7_now_2023.png
41,9,-80.43916,33.28577,2.8254235,3.139452,ViT/images/tile_41_9_now_2023.png
41,10,-80.43845,33.284958,20.884296,2.1517363,ViT/images/tile_41_10_now_2023.png
43,5,-82.42279,34.756424,1.1308048,6.2445207,ViT/images/tile_43_5_now_2023.png
43,7,-82.422646,34.754448,3.416175,6.345446,ViT/images/tile_43_7_now_2023.png
43,13,-82.4223,34.748512,0.518711,5.5834613,ViT/images/tile_43_13_now_2023.png
43,14,-82.42224,34.747524,0.4909522,5.161303,ViT/images/tile_43_14_now_2023.png
43,17,-82.42205,34.74456,5.1353745,4.6115203,ViT/images/tile_43_17_now_2023.png
43,18,-82.422,34.743572,0.93144834,3.7872152,ViT/images/tile_43_18_now_2023.png
43,19,-82.42193,34.74258,8.082934,4.6882014,ViT/images/tile_43_19_now_2023.png
43,25,-82.42159,34.73665,1.6079327,3.4883943,ViT/images/tile_43_25_now_2023.png
43,26,-82.42152,34.73566,7.9271936,5.653939,ViT/images/tile_43_26_now_2023.png
43,27,-82.421455,34.734673,4.3322744,4.610869,ViT/images/tile_43_27_now_2023.png
43,30,-82.42127,34.731705,6.271566,4.0418096,ViT/images/tile_43_30_now_2023.png
43,31,-82.4212,34.730717,0.69341284,5.3135033,ViT/images/tile_43_31_now_2023.png
43,35,-82.42119,34.726772,1.9308878,3.5499573,ViT/images/tile_43_35_now_2023.png
43,36,-82.421364,34.725792,1.1567255,4.242091,ViT/images/tile_43_36_now_2023.png
43,37,-82.421524,34.72481,1.9216517,5.760881,ViT/images/tile_43_37_now_2023.png
43,38,-82.4217,34.72383,3.103963,3.5510864,ViT/images/tile_43_38_now_2023.png
43,41,-82.422165,34.720886,0.12860604,5.1872697,ViT/images/tile_43_41_now_2023.png
43,42,-82.42237,34.71991,3.6964085,3.429426,ViT/images/tile_43_42_now_2023.png
43,43,-82.42254,34.718933,5.0072575,2.2085786,ViT/images/tile_43_43_now_2023.png
43,44,-82.422714,34.717953,7.7366695,3.444797,ViT/images/tile_43_44_now_2023.png
43,45,-82.422905,34.71745,24.356049,5.649071,ViT/images/tile_43_45_now_2023.png
84,7,-80.32001,33.89306,2.6151657,2.3060002,ViT/images/tile_84_7_now_2023.png
84,8,-80.319305,33.892246,1.169005,1.0190251,ViT/images/tile_84_8_now_2023.png
84,10,-80.31791,33.890617,6.1156235,4.8721423,ViT/images/tile_84_10_now_2023.png
84,11,-80.31721,33.889805,0.24113789,2.918211,ViT/images/tile_84_11_now_2023.png
84,14,-80.31511,33.887363,5.751595,2.6047223,ViT/images/tile_84_14_now_2023.png
84,16,-80.313705,33.885735,3.32602,2.698844,ViT/images/tile_84_16_now_2023.png
84,18,-80.3123,33.884106,3.039091,4.9259315,ViT/images/tile_84_18_now_2023.png
84,20,-80.310905,33.88248,18.361685,5.263152,ViT/images/tile_84_20_now_2023.png
84,21,-80.3102,33.881668,14.610237,4.7464795,ViT/images/tile_84_21_now_2023.png
84,29,-80.304565,33.87518,4.311479,2.2827222,ViT/images/tile_84_29_now_2023.png
84,32,-80.30245,33.87274,18.34046,5.349035,ViT/images/tile_84_32_now_2023.png
84,33,-80.30175,33.87193,20.397509,3.18089,ViT/images/tile_84_33_now_2023.png
84,35,-80.30035,33.870304,1.407654,1.7547374,ViT/images/tile_84_35_now_2023.png
84,40,-80.29683,33.86624,12.069532,5.188386,ViT/images/tile_84_40_now_2023.png
84,56,-80.285576,33.853245,4.8119426,4.8471904,ViT/images/tile_84_56_now_2023.png
84,72,-80.27586,33.839424,27.22943,5.9469647,ViT/images/tile_84_72_now_2023.png
84,75,-80.273994,33.836853,8.292859,3.8472202,ViT/images/tile_84_75_now_2023.png
84,76,-80.27338,33.835995,7.5748086,1.5123454,ViT/images/tile_84_76_now_2023.png
84,77,-80.27275,33.83514,1.0435318,0.8593139,ViT/images/tile_84_77_now_2023.png
84,78,-80.27213,33.834282,2.0597417,0.49770582,ViT/images/tile_84_78_now_2023.png
84,79,-80.27149,33.83343,17.153791,5.895003,ViT/images/tile_84_79_now_2023.png
84,81,-80.270226,33.83173,12.268818,3.180118,ViT/images/tile_84_81_now_2023.png
84,82,-80.26959,33.830883,13.508771,4.4903326,ViT/images/tile_84_82_now_2023.png
84,85,-80.267624,33.82836,16.64195,4.2396607,ViT/images/tile_84_85_now_2023.png
84,90,-80.2641,33.824303,5.740505,0.4754227,ViT/images/tile_84_90_now_2023.png
84,98,-80.25848,33.817802,2.8208923,0.9970135,ViT/images/tile_84_98_now_2023.png
84,102,-80.25567,33.81455,22.166344,4.43157,ViT/images/tile_84_102_now_2023.png
84,103,-80.25497,33.813736,19.889729,5.759107,ViT/images/tile_84_103_now_2023.png
84,104,-80.254265,33.812923,7.3846416,2.1614673,ViT/images/tile_84_104_now_2023.png
84,105,-80.25356,33.81211,26.895372,5.647225,ViT/images/tile_84_105_now_2023.png
84,106,-80.25285,33.8113,29.244633,6.0761514,ViT/images/tile_84_106_now_2023.png
84,108,-80.25145,33.80967,6.893197,3.4796238,ViT/images/tile_84_108_now_2023.png
84,112,-80.248604,33.806442,2.5713637,2.0956686,ViT/images/tile_84_112_now_2023.png
84,120,-80.24275,33.800076,5.584192,5.47484,ViT/images/tile_84_120_now_2023.png
84,121,-80.24203,33.79928,6.805429,3.2267318,ViT/images/tile_84_121_now_2023.png
84,122,-80.2413,33.798477,8.196229,5.400511,ViT/images/tile_84_122_now_2023.png
84,126,-80.23842,33.79527,7.6789308,2.4424772,ViT/images/tile_84_126_now_2023.png
84,127,-80.2377,33.794468,1.746084,4.2837367,ViT/images/tile_84_127_now_2023.png
84,128,-80.23698,33.793663,4.693675,3.2017832,ViT/images/tile_84_128_now_2023.png
84,130,-80.235535,33.79206,7.5636725,3.6687121,ViT/images/tile_84_130_now_2023.png
84,131,-80.23481,33.79126,7.1186824,2.4736557,ViT/images/tile_84_131_now_2023.png
84,132,-80.23409,33.79046,10.56195,2.426479,ViT/images/tile_84_132_now_2023.png
84,134,-80.232635,33.78886,0.9247731,2.640377,ViT/images/tile_84_134_now_2023.png
84,135,-80.23191,33.788063,10.804417,4.446723,ViT/images/tile_84_135_now_2023.png
84,137,-80.230446,33.78647,10.853613,1.4217724,ViT/images/tile_84_137_now_2023.png
84,138,-80.22972,33.785675,11.337212,2.444415,ViT/images/tile_84_138_now_2023.png
84,139,-80.22899,33.784878,2.0943935,2.244886,ViT/images/tile_84_139_now_2023.png
84,141,-80.22753,33.783283,4.897344,1.107406,ViT/images/tile_84_141_now_2023.png
84,142,-80.22681,33.782482,6.0806336,1.4588207,ViT/images/tile_84_142_now_2023.png
84,146,-80.223915,33.77928,0.44226572,5.2218566,ViT/images/tile_84_146_now_2023.png
84,148,-80.222466,33.77768,5.216787,6.1527405,ViT/images/tile_84_148_now_2023.png
84,154,-80.218124,33.772873,11.063252,4.351928,ViT/images/tile_84_154_now_2023.png
84,155,-80.21741,33.77207,9.80564,4.0357323,ViT/images/tile_84_155_now_2023.png
84,157,-80.21596,33.77047,0.56849915,3.866171,ViT/images/tile_84_157_now_2023.png
84,158,-80.21523,33.76967,6.8661876,1.4371794,ViT/images/tile_84_158_now_2023.png
84,159,-80.214516,33.768867,7.214628,4.5883136,ViT/images/tile_84_159_now_2023.png
84,160,-80.21379,33.768066,8.841195,3.5993812,ViT/images/tile_84_160_now_2023.png
84,161,-80.21304,33.76728,6.6319404,2.9321516,ViT/images/tile_84_161_now_2023.png
84,162,-80.2123,33.76649,6.9676476,3.8013911,ViT/images/tile_84_162_now_2023.png
84,164,-80.210815,33.764915,6.0635366,2.9446955,ViT/images/tile_84_164_now_2023.png
84,165,-80.21007,33.764126,3.308901,4.6837277,ViT/images/tile_84_165_now_2023.png
84,166,-80.20933,33.76334,4.23178,3.4306664,ViT/images/tile_84_166_now_2023.png
84,167,-80.20863,33.762524,4.7083673,1.1982499,ViT/images/tile_84_167_now_2023.png
84,171,-80.2062,33.759064,5.616284,1.0493561,ViT/images/tile_84_171_now_2023.png
84,173,-80.20498,33.757336,1.8721805,2.8950415,ViT/images/tile_84_173_now_2023.png
84,178,-80.20195,33.75301,12.847248,3.4828575,ViT/images/tile_84_178_now_2023.png
84,179,-80.20134,33.752144,10.584358,5.273026,ViT/images/tile_84_179_now_2023.png
84,184,-80.19831,33.747814,2.5608106,3.5650103,ViT/images/tile_84_184_now_2023.png
84,189,-80.19526,33.743496,11.356958,2.8421578,ViT/images/tile_84_189_now_2023.png
84,190,-80.19465,33.742634,11.422791,6.0442786,ViT/images/tile_84_190_now_2023.png
84,191,-80.19404,33.741768,15.476109,6.121409,ViT/images/tile_84_191_now_2023.png
84,192,-80.19343,33.740906,17.302229,5.938393,ViT/images/tile_84_192_now_2023.png
84,200,-80.18854,33.733997,2.1602092,2.5685163,ViT/images/tile_84_200_now_2023.png
84,202,-80.18732,33.73227,4.7490873,3.5607452,ViT/images/tile_84_202_now_2023.png
84,207,-80.184265,33.72795,11.379426,1.7254311,ViT/images/tile_84_207_now_2023.png
84,209,-80.183044,33.726227,8.970956,2.432818,ViT/images/tile_84_209_now_2023.png
84,212,-80.181206,33.723637,8.640598,2.1580396,ViT/images/tile_84_212_now_2023.png
91,0,-80.849815,35.15214,10.436979,3.6330662,ViT/images/tile_91_0_now_2022.png
91,3,-80.85109,35.154907,2.9446235,1.5300475,ViT/images/tile_91_3_now_2022.png
91,12,-80.86019,35.159466,2.3658817,4.569981,ViT/images/tile_91_12_now_2022.png
91,14,-80.8623,35.160423,1.0733747,1.8056201,ViT/images/tile_91_14_now_2022.png
91,24,-80.869675,35.168182,0.4947168,5.0295367,ViT/images/tile_91_24_now_2022.png
91,28,-80.872894,35.171116,0.42039928,4.9427543,ViT/images/tile_91_28_now_2022.png
91,31,-80.875626,35.172916,0.4374743,2.383739,ViT/images/tile_91_31_now_2022.png
91,33,-80.87799,35.173004,1.0966055,4.3192744,ViT/images/tile_91_33_now_2022.png
91,34,-80.878204,35.173973,0.33918467,2.5869155,ViT/images/tile_91_34_now_2022.png
91,35,-80.87841,35.174946,0.27345946,4.0385394,ViT/images/tile_91_35_now_2022.png
91,36,-80.878624,35.175915,0.09513733,4.3453894,ViT/images/tile_91_36_now_2022.png
91,37,-80.8793,35.17632,0.9962516,3.8490748,ViT/images/tile_91_37_now_2022.png
91,38,-80.880486,35.17613,0.21629386,3.2732258,ViT/images/tile_91_38_now_2022.png
91,39,-80.881676,35.17597,5.267629,5.632745,ViT/images/tile_91_39_now_2022.png
91,40,-80.88287,35.175934,1.7882359,3.3603718,ViT/images/tile_91_40_now_2022.png
91,42,-80.884285,35.17493,18.782854,5.744083,ViT/images/tile_91_42_now_2022.png
99,0,-80.562546,34.992252,17.64091,5.799602,ViT/images/tile_99_0_now_2022.png
99,1,-80.563675,34.992455,0.53981555,2.6011152,ViT/images/tile_99_1_now_2022.png
99,2,-80.56485,34.992245,0.0105477,4.420406,ViT/images/tile_99_2_now_2022.png
99,3,-80.56603,34.992043,4.1009626,1.5266042,ViT/images/tile_99_3_now_2022.png
99,4,-80.56721,34.99184,5.569169,4.5049787,ViT/images/tile_99_4_now_2022.png
99,5,-80.56839,34.99164,3.3451908,0.8573273,ViT/images/tile_99_5_now_2022.png
99,7,-80.57076,34.991665,3.2008064,2.7521586,ViT/images/tile_99_7_now_2022.png
99,8,-80.57195,34.99181,8.54167,3.4963431,ViT/images/tile_99_8_now_2022.png
99,9,-80.5728,34.991936,23.476812,5.692736,ViT/images/tile_99_9_now_2022.png
133,1,-81.766426,35.220757,1.4301256,5.9003267,ViT/images/tile_133_1_now_2022.png
133,3,-81.76541,35.22243,0.8976871,3.8472004,ViT/images/tile_133_3_now_2022.png
133,4,-81.76431,35.222836,0.38719156,3.0116591,ViT/images/tile_133_4_now_2022.png
133,8,-81.759926,35.224457,0.32308817,2.1199703,ViT/images/tile_133_8_now_2022.png
133,9,-81.75883,35.224865,11.305349,2.7961164,ViT/images/tile_133_9_now_2022.png
133,10,-81.75767,35.224678,8.957824,3.3198495,ViT/images/tile_133_10_now_2022.png
133,11,-81.75651,35.224422,1.3060594,3.162792,ViT/images/tile_133_11_now_2022.png
133,13,-81.75418,35.223904,6.795975,4.731145,ViT/images/tile_133_13_now_2022.png
133,15,-81.75186,35.22338,6.9339542,5.110851,ViT/images/tile_133_15_now_2022.png
133,17,-81.749535,35.22286,12.212521,5.877833,ViT/images/tile_133_17_now_2022.png
133,19,-81.747215,35.222332,11.483824,5.112204,ViT/images/tile_133_19_now_2022.png
133,20,-81.746056,35.22207,10.702436,5.221433,ViT/images/tile_133_20_now_2022.png
133,23,-81.74254,35.22146,0.97397304,2.5586665,ViT/images/tile_133_23_now_2022.png
133,24,-81.74133,35.221436,15.126309,4.8444047,ViT/images/tile_133_24_now_2022.png
133,25,-81.740135,35.221416,4.075016,2.4741209,ViT/images/tile_133_25_now_2022.png
133,26,-81.73893,35.221394,0.11704478,2.074513,ViT/images/tile_133_26_now_2022.png
133,28,-81.73652,35.22135,3.8736448,0.54370296,ViT/images/tile_133_28_now_2022.png
133,29,-81.73531,35.22133,13.123633,5.1043468,ViT/images/tile_133_29_now_2022.png
133,30,-81.73411,35.22131,1.4512414,1.4991139,ViT/images/tile_133_30_now_2022.png
133,33,-81.7305,35.221245,0.67670923,1.0482455,ViT/images/tile_133_33_now_2022.png
133,37,-81.72568,35.22116,1.9103727,3.2079692,ViT/images/tile_133_37_now_2022.png
133,38,-81.72447,35.22114,9.848729,2.778379,ViT/images/tile_133_38_now_2022.png
133,39,-81.72327,35.22112,1.9408566,1.2824179,ViT/images/tile_133_39_now_2022.png
133,41,-81.72086,35.221077,2.171635,1.7237891,ViT/images/tile_133_41_now_2022.png
133,42,-81.71966,35.221054,2.878746,5.856506,ViT/images/tile_133_42_now_2022.png
133,43,-81.71845,35.22103,4.684438,2.6898654,ViT/images/tile_133_43_now_2022.png
133,44,-81.71725,35.221012,13.543255,2.8852067,ViT/images/tile_133_44_now_2022.png
133,46,-81.714836,35.220974,8.09325,5.793425,ViT/images/tile_133_46_now_2022.png
133,47,-81.71363,35.220955,5.5065994,5.5389633,ViT/images/tile_133_47_now_2022.png
133,48,-81.712425,35.220936,14.565164,5.3542194,ViT/images/tile_133_48_now_2022.png
133,49,-81.71123,35.22092,11.791634,4.7416778,ViT/images/tile_133_49_now_2022.png
133,50,-81.71002,35.2209,13.965314,4.0438957,ViT/images/tile_133_50_now_2022.png
133,51,-81.70882,35.220882,7.1494246,3.3807437,ViT/images/tile_133_51_now_2022.png
133,52,-81.70761,35.220863,14.592198,5.379449,ViT/images/tile_133_52_now_2022.png
133,53,-81.706406,35.22084,11.094624,4.395246,ViT/images/tile_133_53_now_2022.png
133,54,-81.7052,35.220818,3.8864617,1.40707,ViT/images/tile_133_54_now_2022.png
133,56,-81.70279,35.220776,14.48794,2.7832427,ViT/images/tile_133_56_now_2022.png
133,57,-81.70159,35.220753,14.5741005,5.3104625,ViT/images/tile_133_57_now_2022.png
133,58,-81.700386,35.22073,16.895088,5.697519,ViT/images/tile_133_58_now_2022.png
133,59,-81.69918,35.22071,0.2917322,1.5019611,ViT/images/tile_133_59_now_2022.png
133,60,-81.697975,35.2207,13.915465,5.4325833,ViT/images/tile_133_60_now_2022.png
133,62,-81.695564,35.220676,0.7804331,2.3507116,ViT/images/tile_133_62_now_2022.png
133,63,-81.69436,35.22067,0.06402859,2.9679978,ViT/images/tile_133_63_now_2022.png
133,65,-81.69195,35.220646,15.275582,4.3469872,ViT/images/tile_133_65_now_2022.png
133,75,-81.68011,35.220184,2.8445902,2.011357,ViT/images/tile_133_75_now_2022.png
133,77,-81.67863,35.21863,2.1689265,0.8621802,ViT/images/tile_133_77_now_2022.png
133,78,-81.67788,35.217857,10.346216,5.6338058,ViT/images/tile_133_78_now_2022.png
133,79,-81.67674,35.217632,15.302076,5.099748,ViT/images/tile_133_79_now_2022.png
133,82,-81.67317,35.21715,6.1210117,4.548044,ViT/images/tile_133_82_now_2022.png
133,83,-81.67199,35.216995,6.142071,5.2247276,ViT/images/tile_133_83_now_2022.png
133,84,-81.6708,35.216835,8.121781,5.2993817,ViT/images/tile_133_84_now_2022.png
133,87,-81.66723,35.216354,22.472267,3.3503704,ViT/images/tile_133_87_now_2022.png
133,93,-81.6601,35.215385,16.709173,5.36983,ViT/images/tile_133_93_now_2022.png
133,94,-81.65891,35.21522,1.7110335,5.5428653,ViT/images/tile_133_94_now_2022.png
133,96,-81.65653,35.214905,14.294737,3.7803307,ViT/images/tile_133_96_now_2022.png
133,97,-81.65534,35.214745,0.99136287,3.3402252,ViT/images/tile_133_97_now_2022.png
133,99,-81.65297,35.214428,0.22166862,2.7408342,ViT/images/tile_133_99_now_2022.png
133,103,-81.64822,35.213783,12.436175,0.064086825,ViT/images/tile_133_103_now_2022.png
133,104,-81.647026,35.213623,13.076157,3.4567437,ViT/images/tile_133_104_now_2022.png
133,105,-81.645836,35.213463,1.3266225,1.335267,ViT/images/tile_133_105_now_2022.png
133,108,-81.64227,35.21298,0.15886964,3.4968998,ViT/images/tile_133_108_now_2022.png
133,109,-81.64108,35.21282,4.330616,1.4581262,ViT/images/tile_133_109_now_2022.png
133,110,-81.63989,35.212654,0.83710974,-0.015551098,ViT/images/tile_133_110_now_2022.png
133,111,-81.6387,35.212494,10.054276,3.0545776,ViT/images/tile_133_111_now_2022.png
133,112,-81.63752,35.212326,10.304303,3.3275685,ViT/images/tile_133_112_now_2022.png
133,113,-81.63633,35.21216,9.322998,3.6536956,ViT/images/tile_133_113_now_2022.png
133,116,-81.63277,35.211655,0.96627253,0.57326025,ViT/images/tile_133_116_now_2022.png
133,119,-81.6292,35.211178,1.0267149,1.9026701,ViT/images/tile_133_119_now_2022.png
133,121,-81.62697,35.211895,1.839666,1.5695047,ViT/images/tile_133_121_now_2022.png
133,122,-81.625854,35.212265,9.616253,5.5771008,ViT/images/tile_133_122_now_2022.png
133,123,-81.62474,35.21264,4.464952,4.299916,ViT/images/tile_133_123_now_2022.png
133,132,-81.614716,35.216015,11.4938135,5.664496,ViT/images/tile_133_132_now_2022.png
133,133,-81.613594,35.216385,3.8454108,5.3655744,ViT/images/tile_133_133_now_2022.png
133,134,-81.61248,35.21676,1.7023324,5.7035327,ViT/images/tile_133_134_now_2022.png
133,140,-81.60578,35.218975,4.9499173,5.9447427,ViT/images/tile_133_140_now_2022.png
133,144,-81.601326,35.220474,4.08789,5.5585732,ViT/images/tile_133_144_now_2022.png
133,146,-81.5991,35.221226,1.0860742,5.633822,ViT/images/tile_133_146_now_2022.png
133,149,-81.59576,35.222355,0.69453865,5.8681493,ViT/images/tile_133_149_now_2022.png
133,152,-81.59242,35.223488,0.74979067,6.007613,ViT/images/tile_133_152_now_2022.png
133,153,-81.59131,35.223866,2.6423497,5.7491384,ViT/images/tile_133_153_now_2022.png
133,154,-81.590195,35.224243,0.48250428,5.494527,ViT/images/tile_133_154_now_2022.png
133,155,-81.58908,35.224617,1.313424,5.7375855,ViT/images/tile_133_155_now_2022.png
133,156,-81.58797,35.224995,7.642676,5.4333367,ViT/images/tile_133_156_now_2022.png
133,161,-81.58239,35.22684,5.8157625,5.897647,ViT/images/tile_133_161_now_2022.png
133,178,-81.56345,35.233227,4.2289476,4.31746,ViT/images/tile_133_178_now_2022.png
133,197,-81.54991,35.246986,5.7787447,4.853925,ViT/images/tile_133_197_now_2022.png
133,202,-81.54767,35.251553,4.4748564,5.8128157,ViT/images/tile_133_202_now_2022.png
133,205,-81.54631,35.254284,1.7261033,5.8710074,ViT/images/tile_133_205_now_2022.png
133,207,-81.54542,35.256115,15.803918,5.8014226,ViT/images/tile_133_207_now_2022.png
133,208,-81.5448,35.256763,5.9106026,5.7448735,ViT/images/tile_133_208_now_2022.png
133,209,-81.54416,35.25697,11.385759,3.4973722,ViT/images/tile_133_209_now_2022.png
148,4,-79.97448,34.147026,7.139982,5.4341865,ViT/images/tile_148_4_now_2023.png
148,5,-79.97565,34.14727,5.4513464,5.2058873,ViT/images/tile_148_5_now_2023.png
148,8,-79.97914,34.148045,8.443277,4.231443,ViT/images/tile_148_8_now_2023.png
148,10,-79.98147,34.14856,12.969547,5.0251136,ViT/images/tile_148_10_now_2023.png
148,12,-79.983795,34.149075,7.52166,3.0856206,ViT/images/tile_148_12_now_2023.png
148,13,-79.98496,34.149334,7.5658584,5.052485,ViT/images/tile_148_13_now_2023.png
148,26,-79.99679,34.15761,4.1046085,2.6585135,ViT/images/tile_148_26_now_2023.png
148,30,-80.00032,34.16032,4.467726,2.956943,ViT/images/tile_148_30_now_2023.png
148,33,-80.00377,34.1607,2.0364223,1.9940398,ViT/images/tile_148_33_now_2023.png
148,36,-80.0071,34.161385,9.492942,4.1133447,ViT/images/tile_148_36_now_2023.png
148,37,-80.00803,34.162018,10.139972,3.4478228,ViT/images/tile_148_37_now_2023.png
148,38,-80.00897,34.162647,9.846647,3.8714576,ViT/images/tile_148_38_now_2023.png
148,39,-80.00999,34.16316,5.3460226,2.6449637,ViT/images/tile_148_39_now_2023.png
148,40,-80.01111,34.163532,2.1659565,5.2362614,ViT/images/tile_148_40_now_2023.png
148,43,-80.01446,34.164654,9.966714,5.4979568,ViT/images/tile_148_43_now_2023.png
148,44,-80.01557,34.165028,9.393372,4.1301208,ViT/images/tile_148_44_now_2023.png
148,45,-80.01669,34.1654,8.03408,3.348601,ViT/images/tile_148_45_now_2023.png
148,50,-80.02227,34.16727,4.3081245,4.7082767,ViT/images/tile_148_50_now_2023.png
148,51,-80.023384,34.167652,3.3389509,5.5510345,ViT/images/tile_148_51_now_2023.png
148,55,-80.026695,34.17055,2.8204448,2.865302,ViT/images/tile_148_55_now_2023.png
148,56,-80.02751,34.17128,2.2250621,2.0662684,ViT/images/tile_148_56_now_2023.png
148,61,-80.03266,34.173294,8.154942,5.867933,ViT/images/tile_148_61_now_2023.png
148,63,-80.03504,34.1736,6.173652,5.294665,ViT/images/tile_148_63_now_2023.png
148,65,-80.03742,34.17392,9.268872,2.5212913,ViT/images/tile_148_65_now_2023.png
148,69,-80.04218,34.174553,9.499313,3.9698644,ViT/images/tile_148_69_now_2023.png
148,82,-80.056984,34.177628,0.4015774,4.4072037,ViT/images/tile_148_82_now_2023.png
148,89,-80.06418,34.18127,2.1396723,5.232054,ViT/images/tile_148_89_now_2023.png
148,91,-80.06623,34.182312,0.45399895,5.545736,ViT/images/tile_148_91_now_2023.png
148,101,-80.07651,34.187515,4.110842,3.8233745,ViT/images/tile_148_101_now_2023.png
148,104,-80.07963,34.189,0.895207,3.9102764,ViT/images/tile_148_104_now_2023.png
148,105,-80.080795,34.189262,9.468794,5.8637695,ViT/images/tile_148_105_now_2023.png
148,108,-80.08419,34.190166,2.3787968,1.1547261,ViT/images/tile_148_108_now_2023.png
148,111,-80.08575,34.19257,4.279806,4.740497,ViT/images/tile_148_111_now_2023.png
149,0,-80.11769,34.712067,6.223881,5.8547,ViT/images/tile_149_0_now_2023.png
149,1,-80.11738,34.71302,6.1688848,2.9470105,ViT/images/tile_149_1_now_2023.png
149,2,-80.11707,34.713978,8.814082,0.558766,ViT/images/tile_149_2_now_2023.png
149,3,-80.11641,34.71452,9.067371,1.8295516,ViT/images/tile_149_3_now_2023.png
149,5,-80.114006,34.714394,2.8822424,4.1580005,ViT/images/tile_149_5_now_2023.png
149,6,-80.11285,34.714172,7.271288,1.3064405,ViT/images/tile_149_6_now_2023.png
149,7,-80.11174,34.713776,11.877813,3.0305514,ViT/images/tile_149_7_now_2023.png
149,8,-80.11064,34.71338,9.152175,5.3926663,ViT/images/tile_149_8_now_2023.png
149,13,-80.1049,34.71191,10.35319,2.7208176,ViT/images/tile_149_13_now_2023.png
149,15,-80.10257,34.711407,1.3005987,2.1634817,ViT/images/tile_149_15_now_2023.png
149,19,-80.09791,34.7104,1.9014146,3.2326064,ViT/images/tile_149_19_now_2023.png
149,25,-80.09091,34.708893,9.163565,3.1041107,ViT/images/tile_149_25_now_2023.png
149,28,-80.08802,34.707256,9.32598,5.5778832,ViT/images/tile_149_28_now_2023.png
149,30,-80.0864,34.705795,6.7457495,1.877819,ViT/images/tile_149_30_now_2023.png
149,32,-80.08476,34.704338,9.62671,5.63095,ViT/images/tile_149_32_now_2023.png
149,33,-80.08395,34.703613,9.233529,5.9769435,ViT/images/tile_149_33_now_2023.png
149,34,-80.08294,34.70307,9.351182,5.8996224,ViT/images/tile_149_34_now_2023.png
149,38,-80.07858,34.70177,10.628456,5.168817,ViT/images/tile_149_38_now_2023.png
149,44,-80.07136,34.701805,0.551947,4.8881745,ViT/images/tile_149_44_now_2023.png
149,50,-80.06413,34.701828,11.960838,4.2807565,ViT/images/tile_149_50_now_2023.png
149,52,-80.06172,34.70183,8.023304,5.771729,ViT/images/tile_149_52_now_2023.png
149,56,-80.0569,34.701847,14.232765,5.0719447,ViT/images/tile_149_56_now_2023.png
149,60,-80.05225,34.700893,8.341892,3.643669,ViT/images/tile_149_60_now_2023.png
149,61,-80.051094,34.70061,8.3786335,4.272927,ViT/images/tile_149_61_now_2023.png
149,64,-80.04763,34.699776,10.91593,4.987305,ViT/images/tile_149_64_now_2023.png
149,73,-80.03784,34.69675,12.056988,5.0249047,ViT/images/tile_149_73_now_2023.png
149,77,-80.0331,34.69621,9.858534,4.4773493,ViT/images/tile_149_77_now_2023.png
149,80,-80.02963,34.695362,0.92609113,5.1535454,ViT/images/tile_149_80_now_2023.png
149,82,-80.02732,34.694813,8.626169,5.5316644,ViT/images/tile_149_82_now_2023.png
149,83,-80.02613,34.69468,12.599059,4.416736,ViT/images/tile_149_83_now_2023.png
149,93,-80.0142,34.69329,9.447938,3.7137995,ViT/images/tile_149_93_now_2023.png
149,96,-80.01062,34.692875,3.7560608,5.329186,ViT/images/tile_149_96_now_2023.png
149,105,-79.99994,34.693745,8.006822,1.9702276,ViT/images/tile_149_105_now_2023.png
149,106,-79.99875,34.693916,9.033887,5.142634,ViT/images/tile_149_106_now_2023.png
149,107,-79.99757,34.694088,3.4014218,3.7318683,ViT/images/tile_149_107_now_2023.png
149,108,-79.996376,34.694256,6.4881577,2.768138,ViT/images/tile_149_108_now_2023.png
149,109,-79.99518,34.694237,3.3764615,5.4037786,ViT/images/tile_149_109_now_2023.png
149,116,-79.98679,34.693527,1.3125474,5.6657214,ViT/images/tile_149_116_now_2023.png
157,8,-81.322945,34.261833,12.514032,4.1899567,ViT/images/tile_157_8_now_2023.png
157,12,-81.31875,34.259876,10.284678,5.695417,ViT/images/tile_157_12_now_2023.png
157,13,-81.317696,34.25939,12.26373,5.6682534,ViT/images/tile_157_13_now_2023.png
157,24,-81.30614,34.254036,6.908615,3.7915964,ViT/images/tile_157_24_now_2023.png
157,36,-81.29353,34.24818,10.245385,5.052808,ViT/images/tile_157_36_now_2023.png
157,50,-81.27883,34.24134,8.875838,5.4585147,ViT/images/tile_157_50_now_2023.png
157,51,-81.27779,34.240852,8.513765,5.686815,ViT/images/tile_157_51_now_2023.png
157,59,-81.269485,34.2368,10.2350855,3.4860783,ViT/images/tile_157_59_now_2023.png
