feature_id,section_id,past_year_used,meta_tree_num,meta_ndvi,meta_precip,meta_summer_c,meta_winter_c
20,6,2022,16.0,0.3842593133449554,2.570273876190185,27.93010902404785,9.746222496032717
20,7,2022,55.0,0.413355678319931,2.570273876190185,27.93010902404785,9.746222496032717
20,8,2022,20.0,0.3424287736415863,2.570273876190185,27.93010902404785,9.746222496032717
20,12,2022,28.0,0.3499126136302948,2.570273876190185,27.93010902404785,9.746222496032717
20,15,2022,19.0,0.3369627296924591,2.570273876190185,27.93010902404785,9.746222496032717
20,17,2022,26.0,0.4025865793228149,2.570273876190185,27.93010902404785,9.746222496032717
20,22,2022,7.0,0.3769556879997253,2.570273876190185,27.93010902404785,9.746222496032717
20,23,2022,11.0,0.2774818241596222,2.570273876190185,27.93010902404785,9.746222496032717
20,24,2022,81.0,0.3175473511219024,2.570273876190185,27.93010902404785,9.746222496032717
20,25,2022,64.0,0.3664435446262359,2.570273876190185,27.93010902404785,9.746222496032717
20,27,2022,30.0,0.2897004187107086,2.570273876190185,27.93010902404785,9.746222496032717
20,28,2022,35.0,0.3925280272960663,2.570273876190185,27.93010902404785,9.746222496032717
20,29,2022,22.0,0.4221619665622711,2.570273876190185,27.93010902404785,9.746222496032717
20,30,2022,24.0,0.3354440331459045,2.570273876190185,27.93010902404785,9.746222496032717
20,32,2022,31.0,0.4006373882293701,2.570273876190185,27.93010902404785,9.746222496032717
20,34,2022,63.0,0.3944944441318512,2.570273876190185,27.93010902404785,9.746222496032717
20,35,2022,22.0,0.2252642065286636,2.570273876190185,27.93010902404785,9.746222496032717
20,38,2022,38.0,0.2807464301586151,2.570273876190185,27.93010902404785,9.746222496032717
20,39,2022,24.0,0.279838502407074,2.570273876190185,27.93010902404785,9.746222496032717
20,40,2022,23.0,0.3460664451122284,2.570273876190185,27.93010902404785,9.746222496032717
20,42,2022,42.0,0.3431563079357147,2.570273876190185,27.93010902404785,9.746222496032717
20,43,2022,39.0,0.3408564925193786,2.570273876190185,27.93010902404785,9.746222496032717
20,46,2022,35.0,0.3449281752109527,2.570273876190185,27.93010902404785,9.746222496032717
20,51,2022,48.0,0.3570527136325836,2.510027408599853,28.24673843383789,10.81611156463623
20,52,2022,33.0,0.3940393328666687,2.510027408599853,28.24673843383789,10.81611156463623
20,55,2022,26.0,0.402858704328537,2.510027408599853,28.24673843383789,10.81611156463623
20,56,2022,23.0,0.3951535820960998,2.510027408599853,28.24673843383789,10.81611156463623
20,60,2022,69.0,0.3249338269233703,2.510027408599853,28.24673843383789,10.81611156463623
20,61,2022,85.0,0.3235480189323425,2.510027408599853,28.24673843383789,10.81611156463623
20,62,2022,79.0,0.2740262448787689,2.510027408599853,28.24673843383789,10.81611156463623
20,66,2022,69.0,0.3880646824836731,2.510027408599853,28.24673843383789,10.81611156463623
20,67,2022,43.0,0.3309513330459595,2.510027408599853,28.24673843383789,10.81611156463623
20,68,2022,52.0,0.3952983617782593,2.510027408599853,28.24673843383789,10.81611156463623
20,69,2022,47.0,0.395937979221344,2.510027408599853,28.24673843383789,10.81611156463623
20,71,2022,34.0,0.4166614115238189,2.510027408599853,28.24673843383789,10.81611156463623
20,72,2022,12.0,0.4111863672733307,2.510027408599853,28.24673843383789,10.81611156463623
20,75,2022,22.0,0.458339124917984,2.510027408599853,28.24673843383789,10.81611156463623
20,76,2022,37.0,0.3068902790546417,2.510027408599853,28.24673843383789,10.81611156463623
20,80,2022,10.0,0.2502322196960449,2.510027408599853,28.24673843383789,10.81611156463623
20,81,2022,29.0,0.3335053324699402,2.510027408599853,28.24673843383789,10.81611156463623
20,82,2022,54.0,0.3619355857372284,2.510027408599853,28.24673843383789,10.81611156463623
20,85,2022,40.0,0.4316419959068298,2.510027408599853,28.24673843383789,10.81611156463623
20,88,2022,55.0,0.4543509483337402,2.510027408599853,28.24673843383789,10.81611156463623
20,89,2022,21.0,0.3579933941364288,2.510027408599853,28.24673843383789,10.81611156463623
20,93,2022,5.0,0.3020292520523071,2.510027408599853,28.24673843383789,10.81611156463623
20,97,2022,19.0,0.2871394753456116,2.510027408599853,28.24673843383789,10.81611156463623
20,99,2022,59.0,0.2708223462104797,2.510027408599853,28.24673843383789,10.81611156463623
20,101,2022,32.0,0.3744086921215057,2.510027408599853,28.24673843383789,10.81611156463623
20,103,2022,42.0,0.3953273892402649,2.510027408599853,28.24673843383789,10.81611156463623
20,104,2022,64.0,0.3164417743682861,2.510027408599853,28.24673843383789,10.81611156463623
20,106,2022,74.0,0.2690673172473907,2.510027408599853,28.24673843383789,10.81611156463623
20,107,2022,59.0,0.29411581158638,2.510027408599853,28.24673843383789,10.81611156463623
20,108,2022,47.0,0.2568601369857788,2.510027408599853,28.24673843383789,10.81611156463623
20,109,2022,31.0,0.3460176289081573,2.510027408599853,28.24673843383789,10.81611156463623
20,111,2022,65.0,0.38254114985466,2.510027408599853,28.24673843383789,10.81611156463623
20,112,2022,67.0,0.3749251961708069,2.510027408599853,28.24673843383789,10.81611156463623
20,113,2022,74.0,0.4269085526466369,2.510027408599853,28.24673843383789,10.81611156463623
20,114,2022,57.0,0.3942179381847381,2.510027408599853,28.24673843383789,10.81611156463623
20,120,2022,54.0,0.4259199798107147,2.510027408599853,28.24673843383789,10.81611156463623
20,121,2022,40.0,0.3248269259929657,2.510027408599853,28.24673843383789,10.81611156463623
20,123,2022,32.0,0.2806693613529205,2.510027408599853,28.24673843383789,10.81611156463623
20,127,2022,40.0,0.3923697769641876,2.510027408599853,28.24673843383789,10.81611156463623
22,15,2021,35.0,0.2903738617897033,2.894054889678955,25.810977935791016,6.783888816833496
22,27,2021,86.0,0.3053527176380157,2.894054889678955,25.810977935791016,6.783888816833496
22,28,2021,87.0,0.3866864442825317,2.894054889678955,25.810977935791016,6.783888816833496
22,29,2021,87.0,0.4391965568065643,2.894054889678955,25.810977935791016,6.783888816833496
22,30,2021,76.0,0.2950256466865539,2.894054889678955,25.810977935791016,6.783888816833496
22,32,2021,83.0,0.4129497706890106,2.894054889678955,25.810977935791016,6.783888816833496
22,37,2021,46.0,0.3470029532909393,2.894054889678955,25.810977935791016,6.783888816833496
22,41,2021,64.0,0.3498185575008392,2.894054889678955,25.810977935791016,6.783888816833496
22,47,2021,78.0,0.3480499386787414,2.894054889678955,25.810977935791016,6.783888816833496
22,55,2021,63.0,0.4307751953601837,2.894054889678955,25.810977935791016,6.783888816833496
22,57,2021,77.0,0.3889095485210418,2.894054889678955,25.810977935791016,6.783888816833496
22,58,2021,77.0,0.4382933676242828,2.894054889678955,25.810977935791016,6.783888816833496
22,96,2021,32.0,0.328671395778656,2.894054889678955,25.810977935791016,6.783888816833496
22,98,2021,57.0,0.3907551169395447,2.894054889678955,25.810977935791016,6.783888816833496
22,104,2021,73.0,0.3611964881420135,2.894054889678955,25.810977935791016,6.783888816833496
22,110,2021,94.0,0.3325011134147644,2.894054889678955,25.810977935791016,6.783888816833496
22,111,2021,97.0,0.2759145200252533,2.894054889678955,25.810977935791016,6.783888816833496
22,112,2021,91.0,0.2534459829330444,2.894054889678955,25.810977935791016,6.783888816833496
22,114,2021,99.0,0.2961364686489105,2.894054889678955,25.810977935791016,6.783888816833496
22,117,2021,41.0,0.4368740320205688,2.894054889678955,25.810977935791016,6.783888816833496
22,120,2021,59.0,0.4906696379184723,2.894054889678955,25.810977935791016,6.783888816833496
22,121,2021,61.0,0.407399982213974,2.894054889678955,25.810977935791016,6.783888816833496
22,124,2021,16.0,0.3825791776180267,2.894054889678955,25.810977935791016,6.783888816833496
22,127,2021,47.0,0.2744098901748657,2.894054889678955,25.810977935791016,6.783888816833496
22,128,2021,52.0,0.3548751473426819,2.894054889678955,25.810977935791016,6.783888816833496
22,134,2021,68.0,0.3907721936702728,2.894054889678955,25.810977935791016,6.783888816833496
22,136,2021,33.0,0.3766739964485168,2.894054889678955,25.810977935791016,6.783888816833496
22,140,2021,72.0,0.3687656223773956,2.894054889678955,25.810977935791016,6.783888816833496
22,142,2021,56.0,0.3523219227790832,2.894054889678955,25.810977935791016,6.783888816833496
22,143,2021,91.0,0.3711163997650146,2.894054889678955,25.810977935791016,6.783888816833496
22,144,2021,87.0,0.3711163997650146,2.894054889678955,25.810977935791016,6.783888816833496
25,1,2020,2.0,0.4677819609642029,4.21898889541626,26.86307907104492,9.017915725708008
25,2,2020,52.0,0.5002846121788025,4.21898889541626,26.86307907104492,9.017915725708008
25,4,2020,55.0,0.5232312083244324,4.21898889541626,26.86307907104492,9.017915725708008
25,5,2020,58.0,0.5703534483909607,4.21898889541626,26.86307907104492,9.017915725708008
25,6,2020,65.0,0.5219355225563049,4.21898889541626,26.86307907104492,9.017915725708008
25,13,2020,34.0,0.5574042797088623,4.21898889541626,26.86307907104492,9.017915725708008
25,20,2020,42.0,0.5514349341392517,4.21898889541626,26.86307907104492,9.017915725708008
25,21,2020,57.0,0.5351564288139343,4.21898889541626,26.86307907104492,9.017915725708008
25,24,2020,51.0,0.604891300201416,4.21898889541626,26.86307907104492,9.017915725708008
25,25,2020,57.0,0.3690063655376434,4.21898889541626,26.86307907104492,9.017915725708008
25,30,2020,65.0,0.4062561094760895,4.21898889541626,26.86307907104492,9.017915725708008
25,31,2020,60.0,0.5820808410644531,4.21898889541626,26.86307907104492,9.017915725708008
25,32,2020,67.0,0.5778913497924805,4.21898889541626,26.86307907104492,9.017915725708008
25,34,2020,53.0,0.529377818107605,4.21898889541626,26.86307907104492,9.017915725708008
25,38,2020,45.0,0.4754863083362579,4.21898889541626,26.86307907104492,9.017915725708008
25,39,2020,42.0,0.3474012911319732,4.21898889541626,26.86307907104492,9.017915725708008
25,41,2020,66.0,0.4800083339214325,4.21898889541626,26.86307907104492,9.017915725708008
25,44,2020,46.0,0.5527467131614685,4.21898889541626,26.86307907104492,9.017915725708008
25,46,2020,62.0,0.5509752035140991,4.21898889541626,26.86307907104492,9.017915725708008
25,49,2020,59.0,0.4607504606246948,4.21898889541626,26.86307907104492,9.017915725708008
25,51,2020,53.0,0.5916858911514282,4.21898889541626,26.86307907104492,9.017915725708008
25,52,2020,59.0,0.5417210459709167,4.21898889541626,26.86307907104492,9.017915725708008
25,54,2020,44.0,0.5437507629394531,4.21898889541626,26.86307907104492,9.017915725708008
25,57,2020,68.0,0.5277652740478516,4.21898889541626,26.86307907104492,9.017915725708008
25,58,2020,54.0,0.5682920813560486,4.21898889541626,26.86307907104492,9.017915725708008
25,59,2020,65.0,0.5572062134742737,4.21898889541626,26.86307907104492,9.017915725708008
25,60,2020,75.0,0.5928149819374084,4.21898889541626,26.86307907104492,9.017915725708008
25,63,2020,59.0,0.5718521475791931,4.21898889541626,26.86307907104492,9.017915725708008
25,65,2020,73.0,0.5674285292625427,4.21898889541626,26.86307907104492,9.017915725708008
25,68,2020,68.0,0.5910422205924988,4.21898889541626,26.86307907104492,9.017915725708008
25,69,2020,67.0,0.5215519666671753,4.21898889541626,26.86307907104492,9.017915725708008
25,72,2020,20.0,0.3920868337154388,4.21898889541626,26.86307907104492,9.017915725708008
25,74,2020,28.0,0.4936688244342804,4.21898889541626,26.86307907104492,9.017915725708008
25,75,2020,53.0,0.4377026259899139,4.21898889541626,26.86307907104492,9.017915725708008
25,77,2020,39.0,0.416666716337204,4.21898889541626,26.86307907104492,9.017915725708008
25,79,2020,62.0,0.5643221735954285,4.21898889541626,26.86307907104492,9.017915725708008
25,83,2020,39.0,0.5438939332962036,4.21898889541626,26.86307907104492,9.017915725708008
25,84,2020,45.0,0.5888276696205139,4.21898889541626,26.86307907104492,9.017915725708008
25,86,2020,54.0,0.5581247210502625,4.21898889541626,26.86307907104492,9.017915725708008
25,87,2020,64.0,0.5079309344291687,4.21898889541626,26.86307907104492,9.017915725708008
25,88,2020,43.0,0.5159406661987305,4.21898889541626,26.86307907104492,9.017915725708008
25,89,2020,59.0,0.5902605652809143,4.21898889541626,26.86307907104492,9.017915725708008
25,90,2020,21.0,0.3456068933010101,4.21898889541626,26.86307907104492,9.017915725708008
25,91,2020,14.0,0.5031247735023499,4.21898889541626,26.86307907104492,9.017915725708008
25,94,2020,52.0,0.570817768573761,4.21898889541626,26.86307907104492,9.017915725708008
25,95,2020,60.0,0.5915701389312744,4.21898889541626,26.86307907104492,9.017915725708008
25,96,2020,66.0,0.6017493605613708,4.21898889541626,26.86307907104492,9.017915725708008
25,97,2020,60.0,0.5527116060256958,4.21898889541626,26.86307907104492,9.017915725708008
25,99,2020,68.0,0.53087317943573,4.21898889541626,26.86307907104492,9.017915725708008
25,100,2020,68.0,0.5247437357902527,4.21898889541626,26.86307907104492,9.017915725708008
25,104,2020,65.0,0.589531421661377,4.21898889541626,26.86307907104492,9.017915725708008
25,106,2020,59.0,0.5035860538482666,4.21898889541626,26.86307907104492,9.017915725708008
25,107,2020,68.0,0.5266281962394714,4.21898889541626,26.86307907104492,9.017915725708008
25,108,2020,64.0,0.5160924196243286,4.21898889541626,26.86307907104492,9.017915725708008
25,109,2020,58.0,0.509115993976593,4.21898889541626,26.86307907104492,9.017915725708008
25,114,2020,41.0,0.4685449600219726,4.21898889541626,26.86307907104492,9.017915725708008
25,115,2020,28.0,0.4845853447914123,4.21898889541626,26.86307907104492,9.017915725708008
25,117,2020,52.0,0.5677792429924011,4.21898889541626,26.86307907104492,9.017915725708008
25,118,2020,41.0,0.5604236125946045,4.21898889541626,26.86307907104492,9.017915725708008
25,121,2020,78.0,0.5178011655807495,4.21898889541626,26.86307907104492,9.017915725708008
25,122,2020,72.0,0.5556472539901733,4.21898889541626,26.86307907104492,9.017915725708008
25,123,2020,62.0,0.5881195068359375,4.21898889541626,26.86307907104492,9.017915725708008
25,128,2020,36.0,0.5462363362312317,4.21898889541626,26.86307907104492,9.017915725708008
25,130,2020,54.0,0.3823024034500122,4.21898889541626,26.86307907104492,9.017915725708008
25,132,2020,50.0,0.5162128210067749,4.21898889541626,26.86307907104492,9.017915725708008
25,133,2020,51.0,0.5779791474342346,4.21898889541626,26.86307907104492,9.017915725708008
25,135,2020,10.0,0.3368348479270935,4.21898889541626,26.86307907104492,9.017915725708008
25,137,2020,24.0,0.3891980946063995,4.21898889541626,26.86307907104492,9.017915725708008
25,144,2020,24.0,0.4021630883216858,4.21898889541626,26.86307907104492,9.017915725708008
25,152,2020,54.0,0.5625624060630798,4.21898889541626,26.86307907104492,9.017915725708008
25,153,2020,91.0,0.5065020322799683,4.21898889541626,26.86307907104492,9.017915725708008
25,157,2020,56.0,0.2565346658229828,4.21898889541626,26.86307907104492,9.017915725708008
25,158,2020,75.0,0.5423751473426819,4.21898889541626,26.86307907104492,9.017915725708008
25,159,2020,65.0,0.4537214636802673,4.21898889541626,26.86307907104492,9.017915725708008
25,162,2020,77.0,0.5526626110076904,4.21898889541626,26.86307907104492,9.017915725708008
25,166,2020,81.0,0.4817205369472503,4.21898889541626,26.86307907104492,9.017915725708008
25,178,2020,36.0,0.4569678008556366,4.21898889541626,26.86307907104492,9.017915725708008
25,181,2020,52.0,0.4956125915050506,4.21898889541626,26.86307907104492,9.017915725708008
25,182,2020,55.0,0.3342689871788025,4.21898889541626,26.86307907104492,9.017915725708008
25,183,2020,40.0,0.4860583245754242,4.21898889541626,26.86307907104492,9.017915725708008
25,185,2020,55.0,0.5864759683609009,4.21898889541626,26.86307907104492,9.017915725708008
25,186,2020,40.0,0.5164774656295776,4.21898889541626,26.86307907104492,9.017915725708008
25,187,2020,55.0,0.4362906813621521,4.21898889541626,26.86307907104492,9.017915725708008
25,188,2020,47.0,0.5292980670928955,4.21898889541626,26.86307907104492,9.017915725708008
25,190,2020,57.0,0.558343768119812,4.21898889541626,26.86307907104492,9.017915725708008
25,195,2020,63.0,0.5653673410415649,4.21898889541626,26.86307907104492,9.017915725708008
25,196,2020,70.0,0.5424371957778931,4.21898889541626,26.86307907104492,9.017915725708008
25,197,2020,73.0,0.5090102553367615,4.21898889541626,26.86307907104492,9.017915725708008
25,198,2020,64.0,0.5446470975875854,4.21898889541626,26.86307907104492,9.017915725708008
25,199,2020,31.0,0.4815799295902252,4.21898889541626,26.86307907104492,9.017915725708008
25,201,2020,48.0,0.500140905380249,4.21898889541626,26.86307907104492,9.017915725708008
25,202,2020,64.0,0.4215720593929291,4.21898889541626,26.86307907104492,9.017915725708008
25,204,2020,58.0,0.425162136554718,4.21898889541626,26.86307907104492,9.017915725708008
25,205,2020,53.0,0.3918045461177826,4.21898889541626,26.86307907104492,9.017915725708008
25,206,2020,25.0,0.3918045461177826,4.21898889541626,26.86307907104492,9.017915725708008
25,207,2020,37.0,0.5490608811378479,4.21898889541626,26.86307907104492,9.017915725708008
25,208,2020,64.0,0.457278162240982,4.21898889541626,26.86307907104492,9.017915725708008
25,209,2020,59.0,0.4954845309257507,4.21898889541626,26.86307907104492,9.017915725708008
25,213,2020,64.0,0.5297632813453674,4.21898889541626,26.86307907104492,9.017915725708008
25,214,2020,86.0,0.5380614399909973,4.21898889541626,26.86307907104492,9.017915725708008
25,215,2020,81.0,0.5352689027786255,4.21898889541626,26.86307907104492,9.017915725708008
25,218,2020,70.0,0.4188437163829803,4.21898889541626,26.86307907104492,9.017915725708008
25,219,2020,55.0,0.5053979754447937,4.21898889541626,26.86307907104492,9.017915725708008
25,220,2020,23.0,0.523212730884552,4.21898889541626,26.86307907104492,9.017915725708008
25,222,2020,66.0,0.4227654039859772,4.21898889541626,26.86307907104492,9.017915725708008
25,223,2020,78.0,0.422514259815216,4.21898889541626,26.86307907104492,9.017915725708008
25,229,2020,69.0,0.5526118278503418,4.21898889541626,26.86307907104492,9.017915725708008
25,230,2020,65.0,0.5895764231681824,4.21898889541626,26.86307907104492,9.017915725708008
25,231,2020,51.0,0.4792776107788086,4.21898889541626,26.86307907104492,9.017915725708008
25,232,2020,47.0,0.5913516879081726,4.21898889541626,26.86307907104492,9.017915725708008
25,233,2020,62.0,0.5191047191619873,4.21898889541626,26.86307907104492,9.017915725708008
25,234,2020,57.0,0.605747401714325,4.21898889541626,26.86307907104492,9.017915725708008
25,235,2020,70.0,0.6214163303375244,4.21898889541626,26.86307907104492,9.017915725708008
25,236,2020,80.0,0.4960983693599701,4.21898889541626,26.86307907104492,9.017915725708008
25,237,2020,80.0,0.5056199431419373,4.21898889541626,26.86307907104492,9.017915725708008
25,238,2020,62.0,0.5295698046684265,4.21898889541626,26.86307907104492,9.017915725708008
25,239,2020,58.0,0.5032307505607605,4.21898889541626,26.86307907104492,9.017915725708008
25,242,2020,68.0,0.5393527150154114,4.21898889541626,26.86307907104492,9.017915725708008
25,243,2020,70.0,0.5501344203948975,4.21898889541626,26.86307907104492,9.017915725708008
25,244,2020,56.0,0.4075165688991546,4.21898889541626,26.86307907104492,9.017915725708008
25,245,2020,24.0,0.5314071774482727,4.21898889541626,26.86307907104492,9.017915725708008
25,246,2020,53.0,0.5343674421310425,4.21898889541626,26.86307907104492,9.017915725708008
25,247,2020,63.0,0.5959751009941101,4.21898889541626,26.86307907104492,9.017915725708008
25,248,2020,48.0,0.4989476203918457,4.21898889541626,26.86307907104492,9.017915725708008
25,249,2020,38.0,0.5215259790420532,4.21898889541626,26.86307907104492,9.017915725708008
25,250,2020,46.0,0.5215259790420532,4.21898889541626,26.86307907104492,9.017915725708008
25,251,2020,29.0,0.4843459129333496,4.21898889541626,26.86307907104492,9.017915725708008
25,252,2020,45.0,0.4781856834888458,4.21898889541626,26.86307907104492,9.017915725708008
25,253,2020,60.0,0.6081557869911194,4.21898889541626,26.86307907104492,9.017915725708008
25,254,2020,33.0,0.5703260898590088,4.21898889541626,26.86307907104492,9.017915725708008
25,257,2020,46.0,0.5222185850143433,4.21898889541626,26.86307907104492,9.017915725708008
25,258,2020,45.0,0.5668022632598877,4.21898889541626,26.86307907104492,9.017915725708008
25,260,2020,31.0,0.5795121788978577,4.21898889541626,26.86307907104492,9.017915725708008
25,263,2020,36.0,0.5629208087921143,4.21898889541626,26.86307907104492,9.017915725708008
25,267,2020,1.0,0.4062854349613189,4.21898889541626,26.86307907104492,9.017915725708008
25,269,2020,7.0,0.4511288702487945,4.21898889541626,26.86307907104492,9.017915725708008
25,275,2020,20.0,0.5667821168899536,4.21898889541626,26.86307907104492,9.017915725708008
25,277,2020,3.0,0.5976420044898987,4.21898889541626,26.86307907104492,9.017915725708008
25,278,2020,55.0,0.6003027558326721,4.21898889541626,26.86307907104492,9.017915725708008
25,279,2020,65.0,0.633202314376831,4.21898889541626,26.86307907104492,9.017915725708008
25,280,2020,75.0,0.5655803084373474,4.21898889541626,26.86307907104492,9.017915725708008
25,281,2020,55.0,0.6045783162117004,4.21898889541626,26.86307907104492,9.017915725708008
25,282,2020,69.0,0.5603950023651123,4.21898889541626,26.86307907104492,9.017915725708008
25,283,2020,56.0,0.558753252029419,4.21898889541626,26.86307907104492,9.017915725708008
25,284,2020,58.0,0.5907887816429138,4.21898889541626,26.86307907104492,9.017915725708008
25,285,2020,53.0,0.5692387819290161,4.21898889541626,26.86307907104492,9.017915725708008
25,286,2020,45.0,0.4968554675579071,4.21898889541626,26.86307907104492,9.017915725708008
25,287,2020,25.0,0.6167030334472656,4.21898889541626,26.86307907104492,9.017915725708008
25,288,2020,34.0,0.4107578098773956,4.21898889541626,26.86307907104492,9.017915725708008
25,290,2020,67.0,0.5505915880203247,4.21898889541626,26.86307907104492,9.017915725708008
25,291,2020,58.0,0.5623804330825806,4.21898889541626,26.86307907104492,9.017915725708008
25,293,2020,38.0,0.4065982103347778,4.21898889541626,26.86307907104492,9.017915725708008
25,294,2020,33.0,0.5561613440513611,4.21898889541626,26.86307907104492,9.017915725708008
25,295,2020,43.0,0.6307259798049927,4.21898889541626,26.86307907104492,9.017915725708008
25,296,2020,15.0,0.4599253833293915,4.21898889541626,26.86307907104492,9.017915725708008
25,297,2020,15.0,0.487120658159256,4.21898889541626,26.86307907104492,9.017915725708008
25,298,2020,25.0,0.4759133458137512,4.21898889541626,26.86307907104492,9.017915725708008
25,299,2020,32.0,0.5935280323028564,4.21898889541626,26.86307907104492,9.017915725708008
25,300,2020,1.0,0.2944629192352295,4.21898889541626,26.86307907104492,9.017915725708008
25,302,2020,20.0,0.3698357939720154,4.21898889541626,26.86307907104492,9.017915725708008
25,303,2020,39.0,0.619556188583374,4.21898889541626,26.86307907104492,9.017915725708008
25,304,2020,34.0,0.5843976140022278,4.21898889541626,26.86307907104492,9.017915725708008
25,305,2020,45.0,0.5880046486854553,4.21898889541626,26.86307907104492,9.017915725708008
25,306,2020,38.0,0.6067732572555542,4.21898889541626,26.86307907104492,9.017915725708008
25,307,2020,37.0,0.6301749348640442,4.21898889541626,26.86307907104492,9.017915725708008
25,308,2020,25.0,0.5594919919967651,4.21898889541626,26.86307907104492,9.017915725708008
25,309,2020,43.0,0.5443169474601746,4.21898889541626,26.86307907104492,9.017915725708008
25,310,2020,36.0,0.6143553853034973,4.21898889541626,26.86307907104492,9.017915725708008
25,311,2020,28.0,0.5028243064880371,4.21898889541626,26.86307907104492,9.017915725708008
25,312,2020,33.0,0.5049404501914978,4.21898889541626,26.86307907104492,9.017915725708008
25,313,2020,27.0,0.6021153330802917,4.21898889541626,26.86307907104492,9.017915725708008
25,314,2020,37.0,0.6356920003890991,4.21898889541626,26.86307907104492,9.017915725708008
25,315,2020,30.0,0.6077445149421692,4.21898889541626,26.86307907104492,9.017915725708008
25,316,2020,18.0,0.5930578708648682,4.21898889541626,26.86307907104492,9.017915725708008
25,317,2020,25.0,0.6118776798248291,4.21898889541626,26.86307907104492,9.017915725708008
25,320,2020,71.0,0.4504777789115906,4.21898889541626,26.86307907104492,9.017915725708008
25,321,2020,60.0,0.4542891979217529,4.21898889541626,26.86307907104492,9.017915725708008
25,323,2020,64.0,0.5192357301712036,4.21898889541626,26.86307907104492,9.017915725708008
25,324,2020,63.0,0.5768209099769592,4.21898889541626,26.86307907104492,9.017915725708008
25,326,2020,45.0,0.5073310732841492,4.21898889541626,26.86307907104492,9.017915725708008
25,328,2020,73.0,0.5058872699737549,4.21898889541626,26.86307907104492,9.017915725708008
25,337,2020,55.0,0.4688096046447754,4.21898889541626,26.86307907104492,9.017915725708008
25,340,2020,62.0,0.5176591277122498,4.21898889541626,26.86307907104492,9.017915725708008
25,342,2020,80.0,0.5373790264129639,4.21898889541626,26.86307907104492,9.017915725708008
25,345,2020,31.0,0.4547098875045776,4.21898889541626,26.86307907104492,9.017915725708008
25,347,2020,48.0,0.3827142715454101,4.21898889541626,26.86307907104492,9.017915725708008
25,348,2020,36.0,0.5621225833892822,4.21898889541626,26.86307907104492,9.017915725708008
25,364,2020,67.0,0.5220323204994202,4.21898889541626,26.86307907104492,9.017915725708008
25,366,2020,91.0,0.5982469320297241,4.21898889541626,26.86307907104492,9.017915725708008
25,368,2020,56.0,0.540869951248169,4.21898889541626,26.86307907104492,9.017915725708008
25,371,2020,58.0,0.5357311964035034,4.21898889541626,26.86307907104492,9.017915725708008
25,372,2020,74.0,0.4980303049087524,4.21898889541626,26.86307907104492,9.017915725708008
25,376,2020,35.0,0.5409095883369446,4.21898889541626,26.86307907104492,9.017915725708008
39,6,2021,84.0,0.4329921007156372,2.63556170463562,26.69065284729004,8.449333190917969
39,9,2021,90.0,0.4481821358203888,2.63556170463562,26.69065284729004,8.449333190917969
39,12,2021,68.0,0.3864301741123199,2.63556170463562,26.69065284729004,8.449333190917969
41,2,2021,67.0,0.4566770195960998,3.0532054901123047,26.694021224975582,9.97755527496338
41,7,2021,49.0,0.4655715525150299,3.0532054901123047,26.694021224975582,9.97755527496338
41,9,2021,35.0,0.2803072929382324,3.0532054901123047,26.694021224975582,9.97755527496338
41,10,2021,13.0,0.3762162923812866,3.0532054901123047,26.694021224975582,9.97755527496338
43,5,2021,56.0,0.3476418554782867,3.4760820865631104,24.27336883544922,6.005555629730225
43,7,2021,59.0,0.3777618408203125,3.4760820865631104,24.27336883544922,6.005555629730225
43,13,2021,72.0,0.3739290237426758,3.313835620880127,26.03336906433105,7.544888973236084
43,14,2021,78.0,0.3725722134113312,3.313835620880127,26.03336906433105,7.544888973236084
43,17,2021,71.0,0.3778017163276672,3.313835620880127,26.03336906433105,7.544888973236084
43,18,2021,79.0,0.3268276154994964,3.313835620880127,26.03336906433105,7.544888973236084
43,19,2021,61.0,0.369106262922287,3.313835620880127,26.03336906433105,7.544888973236084
43,25,2021,49.0,0.4111263453960418,3.313835620880127,26.03336906433105,7.544888973236084
43,26,2021,57.0,0.4282841086387634,3.313835620880127,26.03336906433105,7.544888973236084
43,27,2021,38.0,0.4968705773353576,3.313835620880127,26.03336906433105,7.544888973236084
43,30,2021,49.0,0.3905722796916961,3.313835620880127,26.03336906433105,7.544888973236084
43,31,2021,70.0,0.4121109247207641,3.313835620880127,26.03336906433105,7.544888973236084
43,35,2021,30.0,0.4678493738174438,3.313835620880127,26.03336906433105,7.544888973236084
43,36,2021,25.0,0.3511717021465301,3.313835620880127,26.03336906433105,7.544888973236084
43,37,2021,33.0,0.3699712753295898,3.313835620880127,26.03336906433105,7.544888973236084
43,38,2021,42.0,0.3430582880973816,3.313835620880127,26.03336906433105,7.544888973236084
43,41,2021,56.0,0.374269962310791,3.313835620880127,26.03336906433105,7.544888973236084
43,42,2021,64.0,0.3468643128871918,3.313835620880127,26.03336906433105,7.544888973236084
43,43,2021,75.0,0.4159672856330871,3.313835620880127,26.03336906433105,7.544888973236084
43,44,2021,86.0,0.3605968654155731,3.313835620880127,26.03336906433105,7.544888973236084
43,45,2021,57.0,0.3757629990577698,3.313835620880127,26.03336906433105,7.544888973236084
84,7,2021,72.0,0.4227399230003357,2.6357533931732178,26.966413497924805,9.193333625793455
84,8,2021,35.0,0.4227399230003357,2.6357533931732178,26.966413497924805,9.193333625793455
84,10,2021,57.0,0.4107424914836883,2.6357533931732178,26.966413497924805,9.193333625793455
84,11,2021,30.0,0.3380927145481109,2.6357533931732178,26.966413497924805,9.193333625793455
84,14,2021,34.0,0.4067810475826263,2.6357533931732178,26.966413497924805,9.193333625793455
84,16,2021,68.0,0.3552969992160797,2.6357533931732178,26.966413497924805,9.193333625793455
84,18,2021,17.0,0.343262642621994,2.717725992202759,26.721412658691406,9.304555892944336
84,20,2021,8.0,0.451363205909729,2.717725992202759,26.721412658691406,9.304555892944336
84,21,2021,34.0,0.4207370281219482,2.717725992202759,26.721412658691406,9.304555892944336
84,29,2021,63.0,0.3215389251708984,2.717725992202759,26.721412658691406,9.304555892944336
84,32,2021,13.0,0.4285608828067779,2.717725992202759,26.721412658691406,9.304555892944336
84,33,2021,13.0,0.3499774634838104,2.717725992202759,26.721412658691406,9.304555892944336
84,35,2021,68.0,0.3697408139705658,2.717725992202759,26.721412658691406,9.304555892944336
84,40,2021,4.0,0.4934109151363373,2.717725992202759,26.721412658691406,9.304555892944336
84,56,2021,74.0,0.3669218420982361,2.717725992202759,26.721412658691406,9.304555892944336
84,72,2021,13.0,0.3687264919281006,2.717725992202759,26.721412658691406,9.304555892944336
84,75,2021,2.0,0.3137846291065216,2.717725992202759,26.721412658691406,9.304555892944336
84,76,2021,51.0,0.3296343982219696,2.717725992202759,26.721412658691406,9.304555892944336
84,77,2021,45.0,0.3713240027427673,2.717725992202759,26.721412658691406,9.304555892944336
84,78,2021,45.0,0.3486011326313019,2.717725992202759,26.721412658691406,9.304555892944336
84,79,2021,44.0,0.36410653591156,2.717725992202759,26.721412658691406,9.304555892944336
84,81,2021,42.0,0.4018750786781311,2.717725992202759,26.721412658691406,9.304555892944336
84,82,2021,36.0,0.3427266776561737,2.717725992202759,26.721412658691406,9.304555892944336
84,85,2021,6.0,0.2922954857349396,2.717725992202759,26.721412658691406,9.304555892944336
84,90,2021,64.0,0.5031189918518066,2.717725992202759,26.721412658691406,9.304555892944336
84,98,2021,75.0,0.4984633922576904,2.717725992202759,26.721412658691406,9.304555892944336
84,102,2021,4.0,0.3716397285461426,2.717725992202759,26.721412658691406,9.304555892944336
84,103,2021,1.0,0.3177604675292969,2.717725992202759,26.721412658691406,9.304555892944336
84,104,2021,14.0,0.3390026986598968,2.717725992202759,26.721412658691406,9.304555892944336
84,105,2021,3.0,0.3121287226676941,2.717725992202759,26.721412658691406,9.304555892944336
84,106,2021,18.0,0.3335306048393249,2.717725992202759,26.721412658691406,9.304555892944336
84,108,2021,57.0,0.4201807379722595,2.717725992202759,26.721412658691406,9.304555892944336
84,112,2021,19.0,0.2330871969461441,2.717725992202759,26.721412658691406,9.304555892944336
84,120,2021,25.0,0.3711181879043579,2.717725992202759,26.721412658691406,9.304555892944336
84,121,2021,49.0,0.4727247357368469,2.717725992202759,26.721412658691406,9.304555892944336
84,122,2021,53.0,0.4099192917346954,2.717725992202759,26.721412658691406,9.304555892944336
84,126,2021,44.0,0.3742770254611969,2.717725992202759,26.721412658691406,9.304555892944336
84,127,2021,48.0,0.3564134836196899,2.717725992202759,26.721412658691406,9.304555892944336
84,128,2021,36.0,0.3947484493255615,2.717725992202759,26.721412658691406,9.304555892944336
84,130,2021,63.0,0.3542847335338592,2.717725992202759,26.721412658691406,9.304555892944336
84,131,2021,67.0,0.3544476926326751,2.717725992202759,26.721412658691406,9.304555892944336
84,132,2021,61.0,0.3544476926326751,2.717725992202759,26.721412658691406,9.304555892944336
84,134,2021,27.0,0.3188761174678802,2.717725992202759,26.721412658691406,9.304555892944336
84,135,2021,55.0,0.3823496997356415,2.717725992202759,26.721412658691406,9.304555892944336
84,137,2021,69.0,0.2761203050613403,2.717725992202759,26.721412658691406,9.304555892944336
84,138,2021,72.0,0.3515651226043701,2.717725992202759,26.721412658691406,9.304555892944336
84,139,2021,30.0,0.3664184212684631,2.717725992202759,26.721412658691406,9.304555892944336
84,141,2021,51.0,0.3241294920444488,2.717725992202759,26.721412658691406,9.304555892944336
84,142,2021,71.0,0.3149487674236297,2.717725992202759,26.721412658691406,9.304555892944336
84,146,2021,34.0,0.3530778884887695,2.717725992202759,26.721412658691406,9.304555892944336
84,148,2021,23.0,0.3241779208183288,2.717725992202759,26.721412658691406,9.304555892944336
84,154,2021,52.0,0.4517412483692169,2.717725992202759,26.721412658691406,9.304555892944336
84,155,2021,71.0,0.4505338370800018,2.717725992202759,26.721412658691406,9.304555892944336
84,157,2021,35.0,0.4216132760047912,2.717725992202759,26.721412658691406,9.304555892944336
84,158,2021,64.0,0.4405165016651153,2.717725992202759,26.721412658691406,9.304555892944336
84,159,2021,74.0,0.4607181847095489,2.717725992202759,26.721412658691406,9.304555892944336
84,160,2021,87.0,0.467998743057251,2.717725992202759,26.721412658691406,9.304555892944336
84,161,2021,80.0,0.4930165708065033,2.717725992202759,26.721412658691406,9.304555892944336
84,162,2021,35.0,0.4331851303577423,2.717725992202759,26.721412658691406,9.304555892944336
84,164,2021,30.0,0.3875609338283539,2.717725992202759,26.721412658691406,9.304555892944336
84,165,2021,61.0,0.4396001994609833,2.717725992202759,26.721412658691406,9.304555892944336
84,166,2021,76.0,0.4050124883651733,2.717725992202759,26.721412658691406,9.304555892944336
84,167,2021,30.0,0.4299637675285339,2.717725992202759,26.721412658691406,9.304555892944336
84,171,2021,53.0,0.4498507976531982,2.717725992202759,26.721412658691406,9.304555892944336
84,173,2021,59.0,0.4458535611629486,2.717725992202759,26.721412658691406,9.304555892944336
84,178,2021,4.0,0.4167158305644989,2.717725992202759,26.721412658691406,9.304555892944336
84,179,2021,64.0,0.382647693157196,2.717725992202759,26.721412658691406,9.304555892944336
84,184,2021,39.0,0.353496640920639,3.0259451866149902,26.81554412841797,10.213000297546388
84,189,2021,55.0,0.3272880315780639,3.0259451866149902,26.81554412841797,10.213000297546388
84,190,2021,34.0,0.3272880315780639,3.0259451866149902,26.81554412841797,10.213000297546388
84,191,2021,37.0,0.2969698905944824,3.0259451866149902,26.81554412841797,10.213000297546388
84,192,2021,30.0,0.3399928510189056,3.0259451866149902,26.81554412841797,10.213000297546388
84,200,2021,90.0,0.3171779811382293,3.0259451866149902,26.81554412841797,10.213000297546388
84,202,2021,90.0,0.4019778966903686,3.0259451866149902,26.81554412841797,10.213000297546388
84,207,2021,4.0,0.2586772739887237,3.0259451866149902,26.81554412841797,10.213000297546388
84,209,2021,14.0,0.2856185734272003,3.0259451866149902,26.81554412841797,10.213000297546388
84,212,2021,37.0,0.2631242871284485,3.0259451866149902,26.81554412841797,10.213000297546388
91,0,2020,42.0,0.5135535597801208,4.048606395721436,26.86307907104492,9.017915725708008
91,3,2020,52.0,0.3233816027641296,4.048606395721436,26.86307907104492,9.017915725708008
91,12,2020,58.0,0.5206940770149231,4.048606395721436,26.86307907104492,9.017915725708008
91,14,2020,43.0,0.456590324640274,4.048606395721436,26.86307907104492,9.017915725708008
91,24,2020,47.0,0.5632226467132568,4.048606395721436,26.86307907104492,9.017915725708008
91,28,2020,58.0,0.5543196797370911,4.048606395721436,26.86307907104492,9.017915725708008
91,31,2020,24.0,0.4666451811790466,4.048606395721436,26.86307907104492,9.017915725708008
91,33,2020,2.0,0.3344825506210327,4.048606395721436,26.86307907104492,9.017915725708008
91,34,2020,3.0,0.2669948637485504,4.048606395721436,26.86307907104492,9.017915725708008
91,35,2020,11.0,0.3295584619045257,4.048606395721436,26.86307907104492,9.017915725708008
91,36,2020,15.0,0.4359162449836731,4.048606395721436,26.86307907104492,9.017915725708008
91,37,2020,13.0,0.3928698003292084,4.048606395721436,26.86307907104492,9.017915725708008
91,38,2020,15.0,0.242328941822052,4.048606395721436,26.86307907104492,9.017915725708008
91,39,2020,9.0,0.4236345589160919,4.048606395721436,26.86307907104492,9.017915725708008
91,40,2020,20.0,0.4887005388736725,4.048606395721436,26.86307907104492,9.017915725708008
91,42,2020,14.0,0.6082736849784851,4.048606395721436,26.86307907104492,9.017915725708008
99,0,2020,18.0,0.3800939619541168,4.048606395721436,26.86307907104492,9.017915725708008
99,1,2020,32.0,0.4467780590057373,4.048606395721436,26.86307907104492,9.017915725708008
99,2,2020,34.0,0.5923887491226196,4.048606395721436,26.86307907104492,9.017915725708008
99,3,2020,20.0,0.587845504283905,4.048606395721436,26.86307907104492,9.017915725708008
99,4,2020,11.0,0.5777462720870972,4.048606395721436,26.86307907104492,9.017915725708008
99,5,2020,37.0,0.5201929211616516,4.048606395721436,26.86307907104492,9.017915725708008
99,7,2020,48.0,0.5122867226600647,4.048606395721436,26.86307907104492,9.017915725708008
99,8,2020,21.0,0.5735753774642944,4.048606395721436,26.86307907104492,9.017915725708008
99,9,2020,12.0,0.4791212379932403,4.048606395721436,26.86307907104492,9.017915725708008
133,1,2020,24.0,0.3666941821575165,4.277076721191406,26.86307907104492,9.017915725708008
133,3,2020,40.0,0.3982099890708923,4.277076721191406,26.86307907104492,9.017915725708008
133,4,2020,34.0,0.5203920006752014,4.277076721191406,26.86307907104492,9.017915725708008
133,8,2020,25.0,0.5035054087638855,4.277076721191406,26.86307907104492,9.017915725708008
133,9,2020,18.0,0.5259751081466675,4.277076721191406,26.86307907104492,9.017915725708008
133,10,2020,52.0,0.4799690246582031,4.277076721191406,26.86307907104492,9.017915725708008
133,11,2020,48.0,0.4545854032039642,4.277076721191406,26.86307907104492,9.017915725708008
133,13,2020,59.0,0.4915783107280731,4.277076721191406,26.86307907104492,9.017915725708008
133,15,2020,69.0,0.5354465246200562,4.277076721191406,26.86307907104492,9.017915725708008
133,17,2020,69.0,0.466966301202774,4.277076721191406,26.86307907104492,9.017915725708008
133,19,2020,60.0,0.4804220795631408,4.277076721191406,26.86307907104492,9.017915725708008
133,20,2020,57.0,0.5076704621315002,4.277076721191406,26.86307907104492,9.017915725708008
133,23,2020,44.0,0.4872275590896606,4.277076721191406,26.86307907104492,9.017915725708008
133,24,2020,39.0,0.5162857174873352,4.277076721191406,26.86307907104492,9.017915725708008
133,25,2020,65.0,0.5111768245697021,4.277076721191406,26.86307907104492,9.017915725708008
133,26,2020,62.0,0.457158625125885,4.277076721191406,26.86307907104492,9.017915725708008
133,28,2020,64.0,0.3733358383178711,4.277076721191406,26.86307907104492,9.017915725708008
133,29,2020,64.0,0.4625668227672577,4.277076721191406,26.86307907104492,9.017915725708008
133,30,2020,42.0,0.519213855266571,4.277076721191406,26.86307907104492,9.017915725708008
133,33,2020,57.0,0.4909573793411255,4.277076721191406,26.86307907104492,9.017915725708008
133,37,2020,49.0,0.4175775349140167,4.277076721191406,26.86307907104492,9.017915725708008
133,38,2020,61.0,0.3928526639938354,4.277076721191406,26.86307907104492,9.017915725708008
133,39,2020,33.0,0.3314975500106811,4.277076721191406,26.86307907104492,9.017915725708008
133,41,2020,57.0,0.4746504127979278,4.277076721191406,26.86307907104492,9.017915725708008
133,42,2020,55.0,0.5037991404533386,4.277076721191406,26.86307907104492,9.017915725708008
133,43,2020,30.0,0.2592241764068603,4.277076721191406,26.86307907104492,9.017915725708008
133,44,2020,46.0,0.5262362360954285,4.277076721191406,26.86307907104492,9.017915725708008
133,46,2020,47.0,0.5330450534820557,4.277076721191406,26.86307907104492,9.017915725708008
133,47,2020,62.0,0.3482572734355926,4.277076721191406,26.86307907104492,9.017915725708008
133,48,2020,61.0,0.457394003868103,4.277076721191406,26.86307907104492,9.017915725708008
133,49,2020,61.0,0.3947652876377105,4.277076721191406,26.86307907104492,9.017915725708008
133,50,2020,63.0,0.4427694678306579,4.277076721191406,26.86307907104492,9.017915725708008
133,51,2020,57.0,0.4551743566989898,4.277076721191406,26.86307907104492,9.017915725708008
133,52,2020,61.0,0.543566107749939,4.277076721191406,26.86307907104492,9.017915725708008
133,53,2020,62.0,0.5323538184165955,4.277076721191406,26.86307907104492,9.017915725708008
133,54,2020,66.0,0.5218369364738464,4.277076721191406,26.86307907104492,9.017915725708008
133,56,2020,69.0,0.4297000765800476,4.277076721191406,26.86307907104492,9.017915725708008
133,57,2020,65.0,0.3421493470668793,4.277076721191406,26.86307907104492,9.017915725708008
133,58,2020,57.0,0.4584931135177612,4.277076721191406,26.86307907104492,9.017915725708008
133,59,2020,61.0,0.5041936635971069,4.277076721191406,26.86307907104492,9.017915725708008
133,60,2020,79.0,0.4845800995826721,4.277076721191406,26.86307907104492,9.017915725708008
133,62,2020,65.0,0.4685472249984741,4.277076721191406,26.86307907104492,9.017915725708008
133,63,2020,69.0,0.4739560186862945,4.277076721191406,26.86307907104492,9.017915725708008
133,65,2020,76.0,0.5303006768226624,4.277076721191406,26.86307907104492,9.017915725708008
133,75,2020,42.0,0.3225280344486236,4.277076721191406,26.86307907104492,9.017915725708008
133,77,2020,61.0,0.4745353460311889,4.277076721191406,26.86307907104492,9.017915725708008
133,78,2020,57.0,0.4723227322101593,4.277076721191406,26.86307907104492,9.017915725708008
133,79,2020,30.0,0.4446345865726471,4.277076721191406,26.86307907104492,9.017915725708008
133,82,2020,76.0,0.4609659612178802,4.277076721191406,26.86307907104492,9.017915725708008
133,83,2020,67.0,0.5212705731391907,4.277076721191406,26.86307907104492,9.017915725708008
133,84,2020,47.0,0.5389279723167419,4.277076721191406,26.86307907104492,9.017915725708008
133,87,2020,16.0,0.4502353072166443,4.277076721191406,26.86307907104492,9.017915725708008
133,93,2020,35.0,0.5319774150848389,4.277076721191406,26.86307907104492,9.017915725708008
133,94,2020,36.0,0.4854097962379455,4.277076721191406,26.86307907104492,9.017915725708008
133,96,2020,56.0,0.5221962928771973,4.277076721191406,26.86307907104492,9.017915725708008
133,97,2020,41.0,0.4193527698516845,4.277076721191406,26.86307907104492,9.017915725708008
133,99,2020,61.0,0.4594046473503113,4.277076721191406,26.86307907104492,9.017915725708008
133,103,2020,52.0,0.5334196090698242,4.277076721191406,26.86307907104492,9.017915725708008
133,104,2020,67.0,0.5145972371101379,4.277076721191406,26.86307907104492,9.017915725708008
133,105,2020,45.0,0.5295937657356262,4.277076721191406,26.86307907104492,9.017915725708008
133,108,2020,48.0,0.5101841688156128,4.277076721191406,26.86307907104492,9.017915725708008
133,109,2020,47.0,0.5363900661468506,4.277076721191406,26.86307907104492,9.017915725708008
133,110,2020,59.0,0.5123680830001831,4.277076721191406,26.86307907104492,9.017915725708008
133,111,2020,66.0,0.4970033168792724,4.277076721191406,26.86307907104492,9.017915725708008
133,112,2020,65.0,0.477058857679367,4.277076721191406,26.86307907104492,9.017915725708008
133,113,2020,56.0,0.512580156326294,4.277076721191406,26.86307907104492,9.017915725708008
133,116,2020,50.0,0.5190175771713257,4.277076721191406,26.86307907104492,9.017915725708008
133,119,2020,9.0,0.5182747840881348,4.277076721191406,26.86307907104492,9.017915725708008
133,121,2020,29.0,0.4711278975009918,4.277076721191406,26.86307907104492,9.017915725708008
133,122,2020,43.0,0.5440080761909485,4.277076721191406,26.86307907104492,9.017915725708008
133,123,2020,54.0,0.4312123954296112,4.277076721191406,26.86307907104492,9.017915725708008
133,132,2020,30.0,0.5584920048713684,4.277076721191406,26.86307907104492,9.017915725708008
133,133,2020,33.0,0.4104877710342407,4.277076721191406,26.86307907104492,9.017915725708008
133,134,2020,58.0,0.4558656811714172,4.277076721191406,26.86307907104492,9.017915725708008
133,140,2020,57.0,0.5420997738838196,4.277076721191406,26.86307907104492,9.017915725708008
133,144,2020,42.0,0.5488872528076172,4.277076721191406,26.86307907104492,9.017915725708008
133,146,2020,27.0,0.547828733921051,4.277076721191406,26.86307907104492,9.017915725708008
133,149,2020,37.0,0.5420014262199402,4.277076721191406,26.86307907104492,9.017915725708008
133,152,2020,23.0,0.5030079483985901,4.277076721191406,26.86307907104492,9.017915725708008
133,153,2020,25.0,0.4789023995399475,4.277076721191406,26.86307907104492,9.017915725708008
133,154,2020,43.0,0.4718173742294311,4.277076721191406,26.86307907104492,9.017915725708008
133,155,2020,60.0,0.5182289481163025,4.277076721191406,26.86307907104492,9.017915725708008
133,156,2020,55.0,0.483128547668457,4.277076721191406,26.86307907104492,9.017915725708008
133,161,2020,66.0,0.4068535566329956,4.277076721191406,26.86307907104492,9.017915725708008
133,178,2020,28.0,0.42351233959198,4.277076721191406,26.86307907104492,9.017915725708008
133,197,2020,47.0,0.4884361028671264,3.9824044704437256,26.86307907104492,9.017915725708008
133,202,2020,73.0,0.4759554862976074,4.316174983978272,26.86307907104492,9.017915725708008
133,205,2020,54.0,0.4341357946395874,4.316174983978272,26.86307907104492,9.017915725708008
133,207,2020,58.0,0.3420796990394592,4.316174983978272,26.86307907104492,9.017915725708008
133,208,2020,5.0,0.1422175168991089,4.316174983978272,26.86307907104492,9.017915725708008
133,209,2020,15.0,0.2303695529699325,4.316174983978272,26.86307907104492,9.017915725708008
148,4,2021,86.0,0.4065907299518585,2.717725992202759,26.721412658691406,9.304555892944336
148,5,2021,94.0,0.3167331218719482,2.717725992202759,26.721412658691406,9.304555892944336
148,8,2021,78.0,0.3946469724178314,2.717725992202759,26.721412658691406,9.304555892944336
148,10,2021,67.0,0.4402882158756256,2.717725992202759,26.721412658691406,9.304555892944336
148,12,2021,52.0,0.3638710081577301,2.717725992202759,26.721412658691406,9.304555892944336
148,13,2021,57.0,0.476386547088623,2.717725992202759,26.721412658691406,9.304555892944336
148,26,2021,75.0,0.4037824869155884,2.717725992202759,26.721412658691406,9.304555892944336
148,30,2021,83.0,0.4102332890033722,2.717725992202759,26.721412658691406,9.304555892944336
148,33,2021,76.0,0.399697870016098,2.717725992202759,26.721412658691406,9.304555892944336
148,36,2021,44.0,0.3662728071212768,2.717725992202759,26.721412658691406,9.304555892944336
148,37,2021,44.0,0.4501403570175171,2.717725992202759,26.721412658691406,9.304555892944336
148,38,2021,60.0,0.3795494437217712,2.717725992202759,26.721412658691406,9.304555892944336
148,39,2021,87.0,0.4395379722118377,2.717725992202759,26.721412658691406,9.304555892944336
148,40,2021,71.0,0.3809652030467987,2.717725992202759,26.721412658691406,9.304555892944336
148,43,2021,70.0,0.3766323924064636,2.717725992202759,26.721412658691406,9.304555892944336
148,44,2021,83.0,0.4217515885829925,2.717725992202759,26.721412658691406,9.304555892944336
148,45,2021,71.0,0.3914226293563843,2.717725992202759,26.721412658691406,9.304555892944336
148,50,2021,47.0,0.4009186923503876,2.717725992202759,26.721412658691406,9.304555892944336
148,51,2021,57.0,0.3778553009033203,2.717725992202759,26.721412658691406,9.304555892944336
148,55,2021,67.0,0.3676245808601379,2.717725992202759,26.721412658691406,9.304555892944336
148,56,2021,85.0,0.3649396002292633,2.717725992202759,26.721412658691406,9.304555892944336
148,61,2021,80.0,0.2976576685905456,2.717725992202759,26.721412658691406,9.304555892944336
148,63,2021,85.0,0.3759846985340118,2.717725992202759,26.721412658691406,9.304555892944336
148,65,2021,92.0,0.467190682888031,2.717725992202759,26.721412658691406,9.304555892944336
148,69,2021,85.0,0.4299881756305694,2.717725992202759,26.721412658691406,9.304555892944336
148,82,2021,75.0,0.2273459285497665,2.717725992202759,26.721412658691406,9.304555892944336
148,89,2021,89.0,0.252383291721344,2.717725992202759,26.721412658691406,9.304555892944336
148,91,2021,89.0,0.3773633241653442,2.717725992202759,26.721412658691406,9.304555892944336
148,101,2021,59.0,0.4197941422462463,2.717725992202759,26.721412658691406,9.304555892944336
148,104,2021,74.0,0.4506663084030151,2.717725992202759,26.721412658691406,9.304555892944336
148,105,2021,75.0,0.4039911031723022,2.717725992202759,26.721412658691406,9.304555892944336
148,108,2021,79.0,0.5165614485740662,2.717725992202759,26.721412658691406,9.304555892944336
148,111,2021,10.0,0.3403716683387756,2.717725992202759,26.721412658691406,9.304555892944336
149,0,2021,37.0,0.3014426827430725,2.63556170463562,26.69065284729004,8.449333190917969
149,1,2021,79.0,0.3014426827430725,2.63556170463562,26.69065284729004,8.449333190917969
149,2,2021,76.0,0.301163911819458,2.63556170463562,26.69065284729004,8.449333190917969
149,3,2021,56.0,0.3753215074539184,2.63556170463562,26.69065284729004,8.449333190917969
149,5,2021,8.0,0.4167704582214355,2.63556170463562,26.69065284729004,8.449333190917969
149,6,2021,4.0,0.3150696456432342,2.63556170463562,26.69065284729004,8.449333190917969
149,7,2021,6.0,0.435698539018631,2.63556170463562,26.69065284729004,8.449333190917969
149,8,2021,9.0,0.3847439885139465,2.63556170463562,26.69065284729004,8.449333190917969
149,13,2021,72.0,0.3386484384536743,2.63556170463562,26.69065284729004,8.449333190917969
149,15,2021,57.0,0.3209188878536224,2.63556170463562,26.69065284729004,8.449333190917969
149,19,2021,68.0,0.3498536050319671,2.63556170463562,26.69065284729004,8.449333190917969
149,25,2021,86.0,0.3703077137470245,2.63556170463562,26.69065284729004,8.449333190917969
149,28,2021,69.0,0.3299352526664734,2.63556170463562,26.69065284729004,8.449333190917969
149,30,2021,59.0,0.4214552342891693,2.63556170463562,26.69065284729004,8.449333190917969
149,32,2021,55.0,0.3260531425476074,2.63556170463562,26.69065284729004,8.449333190917969
149,33,2021,60.0,0.3077416718006134,2.63556170463562,26.69065284729004,8.449333190917969
149,34,2021,70.0,0.2935551702976227,2.63556170463562,26.69065284729004,8.449333190917969
149,38,2021,94.0,0.2975221574306488,2.63556170463562,26.69065284729004,8.449333190917969
149,44,2021,70.0,0.3231504261493683,2.63556170463562,26.69065284729004,8.449333190917969
149,50,2021,35.0,0.3622419834136963,2.63556170463562,26.69065284729004,8.449333190917969
149,52,2021,78.0,0.3307711780071258,2.63556170463562,26.69065284729004,8.449333190917969
149,56,2021,68.0,0.3335909843444824,2.63556170463562,26.69065284729004,8.449333190917969
149,60,2021,81.0,0.3472923040390014,2.63556170463562,26.69065284729004,8.449333190917969
149,61,2021,82.0,0.3354998528957367,2.63556170463562,26.69065284729004,8.449333190917969
149,64,2021,85.0,0.4076098203659057,2.63556170463562,26.69065284729004,8.449333190917969
149,73,2021,63.0,0.3001111149787903,2.63556170463562,26.69065284729004,8.449333190917969
149,77,2021,64.0,0.4042169451713562,2.63556170463562,26.69065284729004,8.449333190917969
149,80,2021,83.0,0.3742992281913757,2.63556170463562,26.69065284729004,8.449333190917969
149,82,2021,79.0,0.4345113337039947,2.63556170463562,26.69065284729004,8.449333190917969
149,83,2021,20.0,0.3440866768360138,2.63556170463562,26.69065284729004,8.449333190917969
149,93,2021,89.0,0.3457072377204895,2.63556170463562,26.69065284729004,8.449333190917969
149,96,2021,93.0,0.3601217865943908,2.63556170463562,26.69065284729004,8.449333190917969
149,105,2021,86.0,0.3601169288158417,2.63556170463562,26.69065284729004,8.449333190917969
149,106,2021,82.0,0.3468672037124634,2.63556170463562,26.69065284729004,8.449333190917969
149,107,2021,84.0,0.37766033411026,2.63556170463562,26.69065284729004,8.449333190917969
149,108,2021,77.0,0.3848638832569122,2.63556170463562,26.69065284729004,8.449333190917969
149,109,2021,81.0,0.3774186968803406,2.63556170463562,26.69065284729004,8.449333190917969
149,116,2021,88.0,0.3565057814121246,2.63556170463562,26.69065284729004,8.449333190917969
157,8,2021,52.0,0.3529418706893921,2.7495341300964355,26.24804306030273,8.00855541229248
157,12,2021,33.0,0.3042274713516235,2.7495341300964355,26.24804306030273,8.00855541229248
157,13,2021,39.0,0.4186194241046905,2.7495341300964355,26.24804306030273,8.00855541229248
157,24,2021,43.0,0.1115051209926605,2.7495341300964355,26.24804306030273,8.00855541229248
157,36,2021,62.0,0.3423894941806793,3.0103561878204346,26.47652244567871,9.006555557250977
157,50,2021,78.0,0.3791856169700622,3.0103561878204346,26.47652244567871,9.006555557250977
157,51,2021,79.0,0.3274547755718231,3.0103561878204346,26.47652244567871,9.006555557250977
157,59,2021,67.0,0.3949469029903412,3.0103561878204346,26.47652244567871,9.006555557250977
